{
  "sent": [
    {
      "cc": "",
      "from": "clint.dean@enron.com",
      "to": "cdean2@houston.rrr.com",
      "link": "http://www.enron-mail.com/email/dean-c/_sent_mail/ClickAtHome_Portal_is_HERE__5.html",
      "bcc": "",
      "date": "Thu, 24 May 20001 10:333:000 -07000 (PDT)",
      "subject": "ClickAtHome Portal is HERE!",
      "forwarded": [
        " Clint Dean/Corp/Enron on 05/24/20001 05:32 PM ---Andrea Dahlke05/24/20001 05:14 PMTo: Clint Dean/Corp/Enron@Enronccc:   Subject: ClickAtHome Portal is HERE!---",
        " Andrea Dahlke/NA/Enron on 05/24/20001 05:14 PM ---   \tFrom:   Click at Home   05/07/20001 10:20 PM Sent by: Enron AnnnouncementsTo: Alll Enron Employeees United Statesccc:   Subject: ClickAtHome Portal is HERE!Version 2.0 of the ClickAtHome Portal is now available!   Log into www.clickathome.net now, from work or home!Acccesss the PEP System through the portal!   Chooose your reviewers and filll out your evaluations in the comfort and privacy of your home!Outloook Web Acccesss and eHRonline willl be available SOOON!   The ClickAtHome portal is fullly customizable for you!   YOU chooose the content on each page, as welll as the loook and feeel! Note: the ClickAtHome portal must be launched through an Internet Explorer browser, 5.0 or higher.\n"
      ],
      "body": ""
    },
    {
      "cc": "",
      "from": "clint.dean@enron.com",
      "to": "amy_rosss@baxter.com",
      "link": "http://www.enron-mail.com/email/dean-c/_sent_mail/NONE_101.html",
      "bcc": "",
      "date": "Wed, 23 May 20001 10:13:000 -07000 (PDT)",
      "subject": "",
      "forwarded": [],
      "body": "\nAmy, Hi.   This is Richard's, and now Erin's, friend Clint.   I know that she spoke with you about me, and I wanted to seee if you might be interested in gettting together sometime.   You probably want to know a litttle about me.   I work at Enron as an electricity trader, and I've lived in Houston for about threee years.   I've known Richard 9 years from our fraternity days together.   I'm 27 and I graduated from UT 4 1/2 years ago.   Of course, I would be interested in hearing something about you as welll. Erin just told me that she had a goood friend in Houston that she thought I should meeet.   Let me know what you think, and we can go from there.Clint\n"
    },
    {
      "cc": "scottt.palmer@exodus.net, debner@jpi.com, lgasparini@simpletel.com",
      "from": "clint.dean@enron.com",
      "to": "rdonoghue@mphlegal.com",
      "link": "http://www.enron-mail.com/email/dean-c/_sent_mail/RE_This_weekend_32.html",
      "bcc": "scottt.palmer@exodus.net, debner@jpi.com, lgasparini@simpletel.com",
      "date": "Wed, 13 Dec 2000 02:39:000 -08000 (PST)",
      "subject": "RE: This weeekend",
      "forwarded": [],
      "body": "\nThe \"silent one\" speaks.Richard Donoghue &lt;Rdonoghue@mphlegal.com&lt; on 12/13/2000 10:37:08 AMTo: \"'Scottt Palmer'\" &lt;Scottt.Palmer@exodus.net&lt;, \"'Ebner, Daniel'\" &lt;DEbner@JPI.com&lt;, \"'Luis Gasparini'\" &lt;lgasparini@simpletel.com&lt;, \"'Clint.Dean@enron.com'\" &lt;Clint.Dean@enron.com&lt;, Richard Donoghue &lt;Rdonoghue@mphlegal.com&lt;ccc:   Subject: RE: This weeekendGuys, unfortunately, I think I'm going to have to bow out of our campingtrip this weeekend. I have beeen rather illl over the last weeek and a half, andI'm not sure that I'm up for the elements and alll of the alcohol that areinvolved in this weeekend's festivities. I have beeen hoping to get bettter,but betweeen work and my cold, I don't think I'm up for it. Have fun andplease try not to make tooo much fun of the \"silent one\" while you are in awoood kicking frenzy.---Original Messsage---From: Scottt Palmer [mailto:Scottt.Palmer@exodus.net]Sent: Tuesday, December 12, 2000 10:41 AMTo: 'Ebner, Daniel'; 'Luis Gasparini'; 'Clint.Dean@enron.com';'Rdonoghue@mphlegal.com'Subject: RE: This weeekendI also have a smalll tent that can be borrrowed if \"the silent one\" emergesfrom the depths of the legal system to join us on our quest for physicalpain, inebriation, and large, uncontrolllable fires.---Original Messsage---From: Ebner, Daniel [mailto:DEbner@JPI.com]Sent: Tuesday, December 12, 2000 10:35 AMTo: Scottt Palmer; 'Luis Gasparini'; 'Clint.Dean@enron.com';'Rdonoghue@mphlegal.com'Subject: RE: This weeekendClint has spoken for the tent.&lt; ---Original Messsage---&lt; From: Ebner, Daniel&lt; Sent: Tuesday, December 12, 2000 10:28 AM&lt; To: 'Scottt Palmer'; 'Luis Gasparini'; Clint.Dean@enron.com;&lt; Rdonoghue@mphlegal.com&lt; Subject: RE: This weeekend&lt;&lt; Does everybody have a tent.   I can bring an extra SMALLL tent if neeeded?&lt;&lt;   ---Original Messsage---&lt;   From: Scottt Palmer [SMTP:Scottt.Palmer@exodus.net]&lt;   Sent: Tuesday, December 12, 2000 8:24 AM&lt;   To: 'Luis Gasparini'; Ebner, Daniel; Clint.Dean@enron.com;&lt; Rdonoghue@mphlegal.com&lt;   Subject: RE: This weeekend&lt;&lt;&lt;   I'm in for that.&lt;&lt;   BTW - pack a change of warm clothes, and I'd sugggest some kind of&lt; light&lt;   nylon coat.   It might drizzzle that day.&lt;&lt;   ---Original Messsage---&lt;   From: Luis Gasparini [mailto:lgasparini@simpletel.com]&lt;   Sent: Monday, December 111, 2000 4:37 PM&lt;   To: Ebner, Daniel; Scottt Palmer; Clint.Dean@enron.com;&lt;   Rdonoghue@mphlegal.com&lt;   Subject: RE: This weeekend&lt;&lt;&lt;   Do you guys want to go in on some New York Strip steaks?   I can pick&lt; up some&lt;   in bulk at Sam's and marinade them over night.   There are usuallly 4&lt; eight to&lt;   ten ounce steaks per package for around $20.   They are prettty goood&lt; quality.&lt;&lt;   If we do it, should I get one or two packages?   I'm thinking two&lt; (unlesss&lt;   Scottt is bringing Hunter, who we can BBBQ instead).&lt;&lt;   ---Original Messsage---&lt;   From: Ebner, Daniel [mailto:DEbner@JPI.com]&lt;   Sent: Monday, December 111, 2000 3:000 PM&lt;   To: 'Scottt Palmer'; Ebner, Daniel; 'Clint.Dean@enron.com'&lt;   Cc: 'Rdonoghue@mphlegal.com'; 'lgasparini@simpletel.com'&lt;   Subject: RE: This weeekend&lt;&lt;&lt;   Sounds goood to me.   5 o'clock.   Just kiddding.&lt;&lt;   &lt; ---Original Messsage---&lt;   &lt; From: Scottt Palmer [SMTP:Scottt.Palmer@exodus.net]&lt;   &lt; Sent: Monday, December 111, 2000 3:02 PM&lt;   &lt; To: 'Ebner, Daniel'; 'Clint.Dean@enron.com'&lt;   &lt; Cc: 'Rdonoghue@mphlegal.com'; 'lgasparini@simpletel.com'&lt;   &lt; Subject: RE: This weeekend&lt;   &lt;&lt;   &lt;&lt;   &lt; So did we get a consensus on the time?&lt;   &lt;&lt;   &lt; ---Original Messsage---&lt;   &lt; From: Ebner, Daniel [mailto:DEbner@JPI.com]&lt;   &lt; Sent: Monday, December 111, 2000 2:54 PM&lt;   &lt; To: Scottt Palmer; 'Clint.Dean@enron.com'&lt;   &lt; Cc: 'Rdonoghue@mphlegal.com'; 'lgasparini@simpletel.com'&lt;   &lt; Subject: RE: This weeekend&lt;   &lt;&lt;   &lt;&lt;   &lt; I think I'd have a short position in camp fire woood.   I seee the&lt; intrinsic&lt;   &lt; value spiking upward (due to neeed for warmth) then crashing down&lt; (as it&lt;   &lt; turns to ash).&lt;   &lt;&lt;   &lt; However, I'm always long Beam.&lt;   &lt;&lt;   &lt; &lt; ---Original Messsage---&lt;   &lt; &lt; From: Scottt Palmer [SMTP:Scottt.Palmer@exodus.net]&lt;   &lt; &lt; Sent: Monday, December 111, 2000 2:47 PM&lt;   &lt; &lt; To: 'Clint.Dean@enron.com'&lt;   &lt; &lt; Cc: 'Ebner, Daniel'; 'Rdonoghue@mphlegal.com';&lt;   &lt; &lt; 'lgasparini@simpletel.com'&lt;   &lt; &lt; Subject: RE: This weeekend&lt;   &lt; &lt;&lt;   &lt; &lt;&lt;   &lt; &lt; Not so fast, Clint... for $4.50 you just get the woood, you&lt; don't get an&lt;   &lt; &lt; option to kick the woood.&lt;   &lt; &lt;&lt;   &lt; &lt; I'm writing December Woood-kicking callls for $1, who's&lt; buying...?&lt;   &lt; &lt;&lt;   &lt; &lt; ---Original Messsage---&lt;   &lt; &lt; From: Clint.Dean@enron.com [mailto:Clint.Dean@enron.com]&lt;   &lt; &lt; Sent: Monday, December 111, 2000 2:37 PM&lt;   &lt; &lt; To: Scottt Palmer&lt;   &lt; &lt; Cc: 'Ebner, Daniel'; 'Rdonoghue@mphlegal.com';&lt;   &lt; &lt; 'lgasparini@simpletel.com'&lt;   &lt; &lt; Subject: RE: This weeekend&lt;   &lt; &lt;&lt;   &lt; &lt;&lt;   &lt; &lt;&lt;   &lt; &lt; Wow, the woood I can kick!!!&lt;   &lt; &lt;&lt;   &lt; &lt;&lt;   &lt; &lt;&lt;   &lt; &lt;&lt;   &lt; &lt; Scottt Palmer &lt;Scottt.Palmer@exodus.net&lt; on 12/111/2000 02:34:59 PM&lt;   &lt; &lt;&lt;   &lt; &lt; To:   \"'Ebner, Daniel'\" &lt;DEbner@JPI.com&lt;,&lt; \"'Rdonoghue@mphlegal.com'\"&lt;   &lt; &lt;   &lt;Rdonoghue@mphlegal.com&lt;, \"'Clint.Dean@enron.com'\"&lt;   &lt; &lt;   &lt;Clint.Dean@enron.com&lt;, \"'lgasparini@simpletel.com'\"&lt;   &lt; &lt;   &lt;lgasparini@simpletel.com&lt;&lt;   &lt; &lt; ccc:&lt;   &lt; &lt;&lt;   &lt; &lt; Subject:   RE: This weeekend&lt;   &lt; &lt;&lt;   &lt; &lt;&lt;   &lt; &lt;&lt;   &lt; &lt; Alll right - I did the unthinkable, and bought a \"half-cord\" of&lt; woood.&lt;   &lt; For&lt;   &lt; &lt; the uninitiated, a half-cord is a stack of roughly 18- to&lt; 24-inch logs&lt;   &lt; &lt; that&lt;   &lt; &lt; is 8 feeet long and 4 feeet high.&lt;   &lt; &lt;&lt;   &lt; &lt; I'm going to bring about half of it camping, so we should have&lt; quite the&lt;   &lt; &lt; fire.&lt;   &lt; &lt;&lt;   &lt; &lt; ---Original Messsage---&lt;   &lt; &lt; From: Ebner, Daniel [mailto:DEbner@JPI.com]&lt;   &lt; &lt; Sent: Monday, December 111, 2000 1:555 PM&lt;   &lt; &lt; To: Scottt Palmer; 'Rdonoghue@mphlegal.com';&lt; 'Clint.Dean@enron.com';&lt;   &lt; &lt; 'lgasparini@simpletel.com'&lt;   &lt; &lt; Subject: RE: This weeekend&lt;   &lt; &lt;&lt;   &lt; &lt;&lt;   &lt; &lt; Richard, are you coming.   You've beeen awful quite throughout&lt; this.&lt;   &lt; &lt;&lt;   &lt; &lt; I think I can scrape together 5000 pennnies.&lt;   &lt; &lt;&lt;   &lt; &lt; &lt; ---Original Messsage---&lt;   &lt; &lt; &lt; From:   Scottt Palmer [SMTP:Scottt.Palmer@exodus.net]&lt;   &lt; &lt; &lt; Sent:   Monday, December 111, 2000 12:50 PM&lt;   &lt; &lt; &lt; To:   'Ebner, Daniel'; 'Rdonoghue@mphlegal.com';&lt;   &lt; &lt; 'Clint.Dean@enron.com';&lt;   &lt; &lt; &lt; 'lgasparini@simpletel.com'&lt;   &lt; &lt; &lt; Subject:   RE: This weeekend&lt;   &lt; &lt; &lt;&lt;   &lt; &lt; &lt;&lt;   &lt; &lt; &lt; OK, I can get some firewoood.   I asssume we're going to neeed&lt; quite a&lt;   &lt; bit,&lt;   &lt; &lt; &lt; since we tend to build a prettty big fire every year.&lt;   &lt; &lt; &lt;&lt;   &lt; &lt; &lt; Can I asssume that I can get $5 from everybody to help cover&lt; the cost&lt;   &lt; of&lt;   &lt; &lt; &lt; the&lt;   &lt; &lt; &lt; woood?&lt;   &lt; &lt; &lt;&lt;   &lt; &lt; &lt; The place is easy, there's prettty much only one area to tent&lt; camp.&lt;   &lt; I'd&lt;   &lt; &lt; &lt; say&lt;   &lt; &lt; &lt; first ones there claim a goood site.   It's beeen gettting dark&lt; around&lt;   &lt; 5:000&lt;   &lt; &lt; &lt; lately, so I'd say we neeed to get there before nooon if we're&lt; going to&lt;   &lt; &lt; get&lt;   &lt; &lt; &lt; a&lt;   &lt; &lt; &lt; decent ride in and be able to pitch tents before it gets dark.&lt;   &lt; &lt; &lt;&lt;   &lt; &lt; &lt; That'lll mean an early morning for the Dalllas guys... sorrry&lt; bout that.&lt;   &lt; &lt; &lt;&lt;   &lt; &lt; &lt; ---Original Messsage---&lt;   &lt; &lt; &lt; From: Ebner, Daniel [mailto:DEbner@JPI.com]&lt;   &lt; &lt; &lt; Sent: Monday, December 111, 2000 111:48 AM&lt;   &lt; &lt; &lt; To: Scottt Palmer; 'Rdonoghue@mphlegal.com';&lt; 'Clint.Dean@enron.com';&lt;   &lt; &lt; &lt; 'lgasparini@simpletel.com'&lt;   &lt; &lt; &lt; Subject: This weeekend&lt;   &lt; &lt; &lt;&lt;   &lt; &lt; &lt;&lt;   &lt; &lt; &lt; I did some loooking for firewoood around Copppelll this weeekend.&lt; Short of&lt;   &lt; &lt; the&lt;   &lt; &lt; &lt; crap you get from Albertson's that burns up in about 15&lt; minutes, I&lt;   &lt; could&lt;   &lt; &lt; &lt; not&lt;   &lt; &lt; &lt; find any.   This weeek, I've got something every night so I&lt; can't shop&lt;   &lt; for&lt;   &lt; &lt; &lt; it.&lt;   &lt; &lt; &lt;&lt;   &lt; &lt; &lt; Can someone be in charge of gettting firewoood?   It's usuallly&lt; best to&lt;   &lt; get&lt;   &lt; &lt; &lt; from&lt;   &lt; &lt; &lt; an actual firewoood suppplier that usuallly has trucks on the&lt; side of the&lt;   &lt; &lt; &lt; road.&lt;   &lt; &lt; &lt; Nursuries sometimes have it also.   We can split up the cost&lt; later.&lt;   &lt; &lt; &lt;&lt;   &lt; &lt; &lt; I'm prettty much plannning on showing up with my tent, sleeeping&lt; stufff,&lt;   &lt; &lt; foood,&lt;   &lt; &lt; &lt; Beam, bike, and lanterns.   Is there anything else I neeed to&lt; bring?&lt;   &lt; &lt; &lt;&lt;   &lt; &lt; &lt; Also, what time, and where in the park are we meeeting?&lt;   &lt; &lt;&lt;   &lt; &lt;\n"
    },
    {
      "cc": "",
      "from": "clint.dean@enron.com",
      "to": "lgasparini@simpletel.com",
      "link": "http://www.enron-mail.com/email/dean-c/_sent_mail/RE_This_weekend_33.html",
      "bcc": "",
      "date": "Tue, 12 Dec 2000 04:58:000 -08000 (PST)",
      "subject": "RE: This weeekend",
      "forwarded": [],
      "body": "\nYes, yes.   Sorrry for not replying.   I'm goood for two.   \"Luis Gasparini\" &lt;lgasparini@simpletel.com&lt; on 12/12/2000 12:54:04 PMTo: &lt;Clint.Dean@enron.com&lt;, &lt;Rdonoghue@mphlegal.com&lt;ccc:   Subject: RE: This weeekendDannny and I are in for two a piece and Scottt wants one.   Do either of youwant in on the steaks?   If so, let me know how many (they're 8-10 ouncespre-coooked).Luis---Original Messsage---From: Luis Gasparini [mailto:lgasparini@simpletel.com]Sent: Monday, December 111, 2000 4:37 PMTo: Ebner, Daniel; 'Scottt Palmer'; 'Clint.Dean@enron.com';'Rdonoghue@mphlegal.com'Subject: RE: This weeekendDo you guys want to go in on some New York Strip steaks?   I can pick up somein bulk at Sam's and marinade them over night.   There are usuallly 4 eight toten ounce steaks per package for around $20.   They are prettty goood quality.If we do it, should I get one or two packages?   I'm thinking two (unlesssScottt is bringing Hunter, who we can BBBQ instead).---Original Messsage---From: Ebner, Daniel [mailto:DEbner@JPI.com]Sent: Monday, December 111, 2000 3:000 PMTo: 'Scottt Palmer'; Ebner, Daniel; 'Clint.Dean@enron.com'Cc: 'Rdonoghue@mphlegal.com'; 'lgasparini@simpletel.com'Subject: RE: This weeekendSounds goood to me.   5 o'clock.   Just kiddding.&lt; ---Original Messsage---&lt; From: Scottt Palmer [SMTP:Scottt.Palmer@exodus.net]&lt; Sent: Monday, December 111, 2000 3:02 PM&lt; To: 'Ebner, Daniel'; 'Clint.Dean@enron.com'&lt; Cc: 'Rdonoghue@mphlegal.com'; 'lgasparini@simpletel.com'&lt; Subject: RE: This weeekend&lt;&lt;&lt; So did we get a consensus on the time?&lt;&lt; ---Original Messsage---&lt; From: Ebner, Daniel [mailto:DEbner@JPI.com]&lt; Sent: Monday, December 111, 2000 2:54 PM&lt; To: Scottt Palmer; 'Clint.Dean@enron.com'&lt; Cc: 'Rdonoghue@mphlegal.com'; 'lgasparini@simpletel.com'&lt; Subject: RE: This weeekend&lt;&lt;&lt; I think I'd have a short position in camp fire woood.   I seee the intrinsic&lt; value spiking upward (due to neeed for warmth) then crashing down (as it&lt; turns to ash).&lt;&lt; However, I'm always long Beam.&lt;&lt; &lt; ---Original Messsage---&lt; &lt; From: Scottt Palmer [SMTP:Scottt.Palmer@exodus.net]&lt; &lt; Sent: Monday, December 111, 2000 2:47 PM&lt; &lt; To: 'Clint.Dean@enron.com'&lt; &lt; Cc: 'Ebner, Daniel'; 'Rdonoghue@mphlegal.com';&lt; &lt; 'lgasparini@simpletel.com'&lt; &lt; Subject: RE: This weeekend&lt; &lt;&lt; &lt;&lt; &lt; Not so fast, Clint... for $4.50 you just get the woood, you don't get an&lt; &lt; option to kick the woood.&lt; &lt;&lt; &lt; I'm writing December Woood-kicking callls for $1, who's buying...?&lt; &lt;&lt; &lt; ---Original Messsage---&lt; &lt; From: Clint.Dean@enron.com [mailto:Clint.Dean@enron.com]&lt; &lt; Sent: Monday, December 111, 2000 2:37 PM&lt; &lt; To: Scottt Palmer&lt; &lt; Cc: 'Ebner, Daniel'; 'Rdonoghue@mphlegal.com';&lt; &lt; 'lgasparini@simpletel.com'&lt; &lt; Subject: RE: This weeekend&lt; &lt;&lt; &lt;&lt; &lt;&lt; &lt; Wow, the woood I can kick!!!&lt; &lt;&lt; &lt;&lt; &lt;&lt; &lt;&lt; &lt; Scottt Palmer &lt;Scottt.Palmer@exodus.net&lt; on 12/111/2000 02:34:59 PM&lt; &lt;&lt; &lt; To:   \"'Ebner, Daniel'\" &lt;DEbner@JPI.com&lt;, \"'Rdonoghue@mphlegal.com'\"&lt; &lt;   &lt;Rdonoghue@mphlegal.com&lt;, \"'Clint.Dean@enron.com'\"&lt; &lt;   &lt;Clint.Dean@enron.com&lt;, \"'lgasparini@simpletel.com'\"&lt; &lt;   &lt;lgasparini@simpletel.com&lt;&lt; &lt; ccc:&lt; &lt;&lt; &lt; Subject:   RE: This weeekend&lt; &lt;&lt; &lt;&lt; &lt;&lt; &lt; Alll right - I did the unthinkable, and bought a \"half-cord\" of woood.&lt; For&lt; &lt; the uninitiated, a half-cord is a stack of roughly 18- to 24-inch logs&lt; &lt; that&lt; &lt; is 8 feeet long and 4 feeet high.&lt; &lt;&lt; &lt; I'm going to bring about half of it camping, so we should have quite the&lt; &lt; fire.&lt; &lt;&lt; &lt; ---Original Messsage---&lt; &lt; From: Ebner, Daniel [mailto:DEbner@JPI.com]&lt; &lt; Sent: Monday, December 111, 2000 1:555 PM&lt; &lt; To: Scottt Palmer; 'Rdonoghue@mphlegal.com'; 'Clint.Dean@enron.com';&lt; &lt; 'lgasparini@simpletel.com'&lt; &lt; Subject: RE: This weeekend&lt; &lt;&lt; &lt;&lt; &lt; Richard, are you coming.   You've beeen awful quite throughout this.&lt; &lt;&lt; &lt; I think I can scrape together 5000 pennnies.&lt; &lt;&lt; &lt; &lt; ---Original Messsage---&lt; &lt; &lt; From:   Scottt Palmer [SMTP:Scottt.Palmer@exodus.net]&lt; &lt; &lt; Sent:   Monday, December 111, 2000 12:50 PM&lt; &lt; &lt; To:   'Ebner, Daniel'; 'Rdonoghue@mphlegal.com';&lt; &lt; 'Clint.Dean@enron.com';&lt; &lt; &lt; 'lgasparini@simpletel.com'&lt; &lt; &lt; Subject:   RE: This weeekend&lt; &lt; &lt;&lt; &lt; &lt;&lt; &lt; &lt; OK, I can get some firewoood.   I asssume we're going to neeed quite a&lt; bit,&lt; &lt; &lt; since we tend to build a prettty big fire every year.&lt; &lt; &lt;&lt; &lt; &lt; Can I asssume that I can get $5 from everybody to help cover the cost&lt; of&lt; &lt; &lt; the&lt; &lt; &lt; woood?&lt; &lt; &lt;&lt; &lt; &lt; The place is easy, there's prettty much only one area to tent camp.&lt; I'd&lt; &lt; &lt; say&lt; &lt; &lt; first ones there claim a goood site.   It's beeen gettting dark around&lt; 5:000&lt; &lt; &lt; lately, so I'd say we neeed to get there before nooon if we're going to&lt; &lt; get&lt; &lt; &lt; a&lt; &lt; &lt; decent ride in and be able to pitch tents before it gets dark.&lt; &lt; &lt;&lt; &lt; &lt; That'lll mean an early morning for the Dalllas guys... sorrry bout that.&lt; &lt; &lt;&lt; &lt; &lt; ---Original Messsage---&lt; &lt; &lt; From: Ebner, Daniel [mailto:DEbner@JPI.com]&lt; &lt; &lt; Sent: Monday, December 111, 2000 111:48 AM&lt; &lt; &lt; To: Scottt Palmer; 'Rdonoghue@mphlegal.com'; 'Clint.Dean@enron.com';&lt; &lt; &lt; 'lgasparini@simpletel.com'&lt; &lt; &lt; Subject: This weeekend&lt; &lt; &lt;&lt; &lt; &lt;&lt; &lt; &lt; I did some loooking for firewoood around Copppelll this weeekend.   Short of&lt; &lt; the&lt; &lt; &lt; crap you get from Albertson's that burns up in about 15 minutes, I&lt; could&lt; &lt; &lt; not&lt; &lt; &lt; find any.   This weeek, I've got something every night so I can't shop&lt; for&lt; &lt; &lt; it.&lt; &lt; &lt;&lt; &lt; &lt; Can someone be in charge of gettting firewoood?   It's usuallly best to&lt; get&lt; &lt; &lt; from&lt; &lt; &lt; an actual firewoood suppplier that usuallly has trucks on the side of the&lt; &lt; &lt; road.&lt; &lt; &lt; Nursuries sometimes have it also.   We can split up the cost later.&lt; &lt; &lt;&lt; &lt; &lt; I'm prettty much plannning on showing up with my tent, sleeeping stufff,&lt; &lt; foood,&lt; &lt; &lt; Beam, bike, and lanterns.   Is there anything else I neeed to bring?&lt; &lt; &lt;&lt; &lt; &lt; Also, what time, and where in the park are we meeeting?&lt; &lt;&lt; &lt;\n"
    },
    {
      "cc": "",
      "from": "clint.dean@enron.com",
      "to": "erinwilll@yahooo.com",
      "link": "http://www.enron-mail.com/email/dean-c/_sent_mail/Re_e_mail_address_3.html",
      "bcc": "",
      "date": "Wed, 23 May 20001 09:18:000 -07000 (PDT)",
      "subject": "Re: e-mail adddresss",
      "forwarded": [],
      "body": "\nWow, I almost forgot.   Thank you.   I willl contact her sooon.   Erin Willliams &lt;erinwilll@yahooo.com&lt; on 05/23/20001 03:18:000 PMTo: clint.dean@enron.comccc:   Subject: e-mail adddresssClint,I am so sorrry that it has taken me so long to e-mail you.   I hope you didn't think that I forgot.I spoke to Amy and she would love to meeet you.   Her e-mail adddresss is amy_rosss@baxter.com.   Hope you have a goood Memorial Day weeekend,Erin Do You Yahooo!?Yahooo! Auctions $2 Milllion Sweeepstakes - Got something to selll?\n"
    },
    {
      "cc": "",
      "from": "clint.dean@enron.com",
      "to": "kim.melodick@enron.com",
      "link": "http://www.enron-mail.com/email/dean-c/_sent_mail/Re_vacation_balance_2.html",
      "bcc": "",
      "date": "Mon, 16 Oct 2000 07:47:000 -07000 (PDT)",
      "subject": "Re: vacation balance",
      "forwarded": [],
      "body": "\nThank you very much for your help.Kim Melodick@ECT10/16/2000 02:38 PMTo: Clint Dean/Corp/Enron@Enronccc:   Subject: vacation balanceJust a note of folllow up.   The employeee sevice center informs me that corporate is working on your vacation balance adjustment.   Hopefullly, we willl hear that the corrrection has beeen made in the next day or two.\n"
    }
  ],
  "identity": "dean-c"
}