{
  "sent": [
    {
      "cc": "donnna.lowry@enron.com, sara.shackleton@enron.com",
      "from": "marie.heard@enron.com",
      "to": "shemeika.landry@enron.com, shellli.smith@enron.com",
      "link": "http://www.enron-mail.com/email/heard-m/sent/Brokerage_Agreement_Memo_3.html",
      "bcc": "donnna.lowry@enron.com, sara.shackleton@enron.com",
      "date": "Tue, 29 May 20001 06:54:000 -07000 (PDT)",
      "subject": "Brokerage Agreeement Memo",
      "forwarded": [],
      "body": "\nPursuant to Sara Shackleton's request, I am atttaching a memo that I prepared in April, 2000 regarding procedures for opening brokerage acccounts.Please do not hesitate to contact either Sara at x35620 or me with any questions.Marie HeardSenior Legal SpecialistEnron North America Corp.Phone:   (713) 853-3907Fax:   (713) 646-3490Marie.Heard@Enron.com\n"
    },
    {
      "cc": "",
      "from": "marie.heard@enron.com",
      "to": "bianca.ornelas@enron.com",
      "link": "http://www.enron-mail.com/email/heard-m/sent/Deemed_ISDAs_1.html",
      "bcc": "",
      "date": "Thu, 7 Jun 20001 02:06:000 -07000 (PDT)",
      "subject": "Deeemed ISDAs",
      "forwarded": [],
      "body": "\nHi, Bianca!Francisco Pinto Leite has asked me to give him a list of alll outstanding ISDAs and Deeemed ISDAs with Mexican counterparties.   Can you send me a list of the Deeemed ISDAs that are stilll outstanding (either commments received or counterparty has not returned signed copy).Thanks!MarieMarie HeardSenior Legal SpecialistEnron North America Corp.Phone:   (713) 853-3907Fax:   (713) 646-3490Marie.Heard@Enron.com\n"
    }
  ],
  "identity": "heard-m"
}