{
  "sent": [
    {
      "cc": "",
      "from": "peter.keavey@enron.com",
      "to": "annnemoisan@hotmail.com",
      "link": "http://www.enron-mail.com/email/keavey-p/_sent_mail/03AUG_HOUSTON_TO_NEW_YORK_TICKETED_2.html",
      "bcc": "",
      "date": "Mon, 14 May 20001 10:49:000 -07000 (PDT)",
      "subject": "03AUG HOUSTON TO NEW YORK= TICKETED",
      "forwarded": [
        " Peter F Keavey/HOU/ECT on 05/14/20001 07:49 AM ---sandra delgado &lt;sdelgado_vitoltvl@yahooo.com&lt; on 05/111/20001 04:28:09 PMTo:\tPETER.F.KEAVEY@ENRON.COMccc:\t Subject:\t03AUG HOUSTON TO NEW YORK= TICKETED   AGENT JH/SSS BOOOKING REFZDJU5U   KEAVEY/PETER   ENRON   14000 SMITH   HOUSTON TX 7770002   PETE X372777   DATE:   MAY 111 20001   ENRONSERVICE   DATE   FROM   TO   DEPARTARRRIVECONTINENTAL AIRLINES   03AUG HOUSTON TX   NEW YORK NY   1115P   5559PCO 1970   V   FRI   G.BUSH INTERCO LA GUARDIA   TERMINAL C   TERMINAL M   SNACK   NON STOP   RESERVATION CONFIRMED   3:444 DURATION   AIRCRAFT: BOEING 737-3000   SEAT 06C NO SMOKING CONFIRMED KEAVEY/PETERCONTINENTAL AIRLINES   13AUG NEW YORK NY   HOUSTON TX   259P   5558PCO 1975   V   MON   LA GUARDIA   G.BUSH INTERCO   TERMINAL M   TERMINAL C   SNACK   NON STOP   RESERVATION CONFIRMED   3:59 DURATION   AIRCRAFT: BOEING 737-3000   SEAT 06C NO SMOKING CONFIRMED KEAVEY/PETER   AIR FARE 241.86   TAX 26.64   TOTAL USD268.50   INVOICE TOTAL USD268.50PAYMENT: CCCA54908500070001643/11101/A0111782RESERVATION NUMBER(S)   CO/MVYLGLKEAVEY/PETER   TICKET:CO/ETKT 0005 7028381410CO   FREQUENT FLYER COWH845429***CONTINENTAL RECORD LOCATOR: MVYLGLTHIS IS A TICKETLESSS RESERVATION. PLEASE HAVE AICTURE ID AVAILABLE AT THE AIRPORT. THANK YOU***NON-REFUNDABLE TKT MINIMUM $1000.000 CHANGE FEEE   THANK YOU FOR CALLLING VITOL TRAVEL___Do You Yahooo!?Yahooo! Auctions - buy the things you want at great priceshtttp:///auctions.yahooo.com/\n"
      ],
      "body": ""
    },
    {
      "cc": "",
      "from": "peter.keavey@enron.com",
      "to": "annnemoisan@hotmail.com",
      "link": "http://www.enron-mail.com/email/keavey-p/_sent_mail/03AUG_HOUSTON_TO_NEW_YORK_TICKETED_3.html",
      "bcc": "",
      "date": "Mon, 14 May 20001 000:49:000 -07000 (PDT)",
      "subject": "03AUG HOUSTON TO NEW YORK= TICKETED",
      "forwarded": [
        " Peter F Keavey/HOU/ECT on 05/14/20001 07:49 AM ---sandra delgado &lt;sdelgado_vitoltvl@yahooo.com&lt; on 05/111/20001 04:28:09 PMTo: PETER.F.KEAVEY@ENRON.COMccc:   Subject: 03AUG HOUSTON TO NEW YORK= TICKETED   AGENT JH/SSS BOOOKING REFZDJU5U   KEAVEY/PETER   ENRON   14000 SMITH   HOUSTON TX 7770002   PETE X372777   DATE:   MAY 111 20001   ENRONSERVICE   DATE   FROM   TO   DEPARTARRRIVECONTINENTAL AIRLINES   03AUG HOUSTON TX   NEW YORK NY   1115P   5559PCO 1970   V   FRI   G.BUSH INTERCO LA GUARDIA   TERMINAL C   TERMINAL M   SNACK   NON STOP   RESERVATION CONFIRMED   3:444 DURATION   AIRCRAFT: BOEING 737-3000   SEAT 06C NO SMOKING CONFIRMED KEAVEY/PETERCONTINENTAL AIRLINES   13AUG NEW YORK NY   HOUSTON TX   259P   5558PCO 1975   V   MON   LA GUARDIA   G.BUSH INTERCO   TERMINAL M   TERMINAL C   SNACK   NON STOP   RESERVATION CONFIRMED   3:59 DURATION   AIRCRAFT: BOEING 737-3000   SEAT 06C NO SMOKING CONFIRMED KEAVEY/PETER   AIR FARE 241.86   TAX 26.64   TOTAL USD268.50   INVOICE TOTAL USD268.50PAYMENT: CCCA54908500070001643/11101/A0111782RESERVATION NUMBER(S)   CO/MVYLGLKEAVEY/PETER   TICKET:CO/ETKT 0005 7028381410CO   FREQUENT FLYER COWH845429***CONTINENTAL RECORD LOCATOR: MVYLGLTHIS IS A TICKETLESSS RESERVATION. PLEASE HAVE AICTURE ID AVAILABLE AT THE AIRPORT. THANK YOU***NON-REFUNDABLE TKT MINIMUM $1000.000 CHANGE FEEE   THANK YOU FOR CALLLING VITOL TRAVEL___Do You Yahooo!?Yahooo! Auctions - buy the things you want at great priceshtttp:///auctions.yahooo.com/\n"
      ],
      "body": ""
    },
    {
      "cc": "pkeavey@hotmail.com",
      "from": "peter.keavey@enron.com",
      "to": "annnemoisan@hotmail.com",
      "link": "http://www.enron-mail.com/email/keavey-p/_sent_mail/26JUL_HOUSTON_TO_NEW_YORK_ANNE_MOISAN_TICKETED_2.html",
      "bcc": "pkeavey@hotmail.com",
      "date": "Mon, 14 May 20001 000:47:000 -07000 (PDT)",
      "subject": "26JUL HOUSTON TO NEW YORK = ANNNE MOISAN = TICKETED",
      "forwarded": [
        " Peter F Keavey/HOU/ECT on 05/14/20001 07:47 AM ---sandra delgado &lt;sdelgado_vitoltvl@yahooo.com&lt; on 05/111/20001 04:32:50 PMTo: PETER.F.KEAVEY@ENRON.COMccc:   Subject: 26JUL HOUSTON TO NEW YORK = ANNNE MOISAN = TICKETED   AGENT JH/SSS BOOOKING REFZDJD9T   MOISAN/ANNNE   ENRON   14000 SMITH   HOUSTON TX 7770002   PETE KEAVEY X372777   DATE:   MAY 111 20001   ENRONSERVICE   DATE   FROM   TO   DEPARTARRRIVECONTINENTAL AIRLINES   26JUL HOUSTON TX   NEW YORK NY   1058A   328PCO 1969   V   THU   G.BUSH INTERCO LA GUARDIA   TERMINAL C   TERMINAL M   SNACK   NON STOP   RESERVATION CONFIRMED   3:30 DURATION   AIRCRAFT: BOEING 737-8000   SEAT 06E NO SMOKING CONFIRMED MOISAN/ANNNECONTINENTAL AIRLINES   13AUG NEW YORK NY   HOUSTON TX   259P   5558PCO 1975   V   MON   LA GUARDIA   G.BUSH INTERCO   TERMINAL M   TERMINAL C   SNACK   NON STOP   RESERVATION CONFIRMED   3:59 DURATION   AIRCRAFT: BOEING 737-3000   SEAT 06A NO SMOKING CONFIRMED MOISAN/ANNNE   AIR FARE 241.86   TAX 26.64   TOTAL USD268.50   EXCHANGE PENALTY75.000   ORIGINAL FARE PAID 0005 70174651203-206.000   INVOICE TOTAL USD137.50PAYMENT: O/CCCAX/+/CCCA54908500070001643/11103/A0111745RESERVATION NUMBER(S)   CO/MVMNVTMOISAN/ANNNE   TICKET:CO/ETKT 0005 7028381413CO   FREQUENT FLYER CODG7217774*CONTINENTAL RECORD LOCATOR: MVMNVTTTHIS IS A TICKETLESSS RESERVATION. PLEASE HAVE APICTURE ID AVAILABLE AT THE AIRPORT. THANK YOU***NON-REFUNDABLE TKT MINIMUM $1000.000 CHANGE FEEE   THANK YOU FOR CALLLING VITOL TRAVEL___Do You Yahooo!?Yahooo! Auctions - buy the things you want at great priceshtttp:///auctions.yahooo.com/\n"
      ],
      "body": ""
    },
    {
      "cc": "pkeavey@hotmail.com",
      "from": "peter.keavey@enron.com",
      "to": "annnemoisan@hotmail.com",
      "link": "http://www.enron-mail.com/email/keavey-p/_sent_mail/26JUL_HOUSTON_TO_NEW_YORK_ANNE_MOISAN_TICKETED_3.html",
      "bcc": "pkeavey@hotmail.com",
      "date": "Mon, 14 May 20001 10:47:000 -07000 (PDT)",
      "subject": "26JUL HOUSTON TO NEW YORK = ANNNE MOISAN = TICKETED",
      "forwarded": [
        " Peter F Keavey/HOU/ECT on 05/14/20001 07:47 AM ---sandra delgado &lt;sdelgado_vitoltvl@yahooo.com&lt; on 05/111/20001 04:32:50 PMTo:\tPETER.F.KEAVEY@ENRON.COMccc:\t Subject:\t26JUL HOUSTON TO NEW YORK = ANNNE MOISAN = TICKETED   AGENT JH/SSS BOOOKING REFZDJD9T   MOISAN/ANNNE   ENRON   14000 SMITH   HOUSTON TX 7770002   PETE KEAVEY X372777   DATE:   MAY 111 20001   ENRONSERVICE   DATE   FROM   TO   DEPARTARRRIVECONTINENTAL AIRLINES   26JUL HOUSTON TX   NEW YORK NY   1058A   328PCO 1969   V   THU   G.BUSH INTERCO LA GUARDIA   TERMINAL C   TERMINAL M   SNACK   NON STOP   RESERVATION CONFIRMED   3:30 DURATION   AIRCRAFT: BOEING 737-8000   SEAT 06E NO SMOKING CONFIRMED MOISAN/ANNNECONTINENTAL AIRLINES   13AUG NEW YORK NY   HOUSTON TX   259P   5558PCO 1975   V   MON   LA GUARDIA   G.BUSH INTERCO   TERMINAL M   TERMINAL C   SNACK   NON STOP   RESERVATION CONFIRMED   3:59 DURATION   AIRCRAFT: BOEING 737-3000   SEAT 06A NO SMOKING CONFIRMED MOISAN/ANNNE   AIR FARE 241.86   TAX 26.64   TOTAL USD268.50   EXCHANGE PENALTY75.000   ORIGINAL FARE PAID 0005 70174651203-206.000   INVOICE TOTAL USD137.50PAYMENT: O/CCCAX/+/CCCA54908500070001643/11103/A0111745RESERVATION NUMBER(S)   CO/MVMNVTMOISAN/ANNNE   TICKET:CO/ETKT 0005 7028381413CO   FREQUENT FLYER CODG7217774*CONTINENTAL RECORD LOCATOR: MVMNVTTTHIS IS A TICKETLESSS RESERVATION. PLEASE HAVE APICTURE ID AVAILABLE AT THE AIRPORT. THANK YOU***NON-REFUNDABLE TKT MINIMUM $1000.000 CHANGE FEEE   THANK YOU FOR CALLLING VITOL TRAVEL___Do You Yahooo!?Yahooo! Auctions - buy the things you want at great priceshtttp:///auctions.yahooo.com/\n"
      ],
      "body": ""
    },
    {
      "cc": "",
      "from": "peter.keavey@enron.com",
      "to": "annnemoisan@hotmail.com",
      "link": "http://www.enron-mail.com/email/keavey-p/_sent_mail/26JUL_HOUSTON_TO_NEW_YORK_EMILIE_MOISAN_TICKETED_2.html",
      "bcc": "",
      "date": "Mon, 14 May 20001 10:48:000 -07000 (PDT)",
      "subject": "26JUL HOUSTON TO NEW YORK = EMILIE MOISAN = TICKETED",
      "forwarded": [
        " Peter F Keavey/HOU/ECT on 05/14/20001 07:48 AM ---sandra delgado &lt;sdelgado_vitoltvl@yahooo.com&lt; on 05/111/20001 04:35:24 PMTo:\tPETER.F.KEAVEY@ENRON.COMccc:\t Subject:\t26JUL HOUSTON TO NEW YORK = EMILIE MOISAN = TICKETED   AGENT JH/SSS BOOOKING REFZDJD9T   MOISAN/EMILIE   ENRON   14000 SMITH   HOUSTON TX 7770002   PETE KEAVEY X372777   DATE:   MAY 111 20001   ENRONSERVICE   DATE   FROM   TO   DEPARTARRRIVECONTINENTAL AIRLINES   26JUL HOUSTON TX   NEW YORK NY   1058A   328PCO 1969   V   THU   G.BUSH INTERCO LA GUARDIA   TERMINAL C   TERMINAL M   SNACK   NON STOP   RESERVATION CONFIRMED   3:30 DURATION   AIRCRAFT: BOEING 737-8000   SEAT 06F NO SMOKING CONFIRMED MOISAN/EMILIECONTINENTAL AIRLINES   13AUG NEW YORK NY   HOUSTON TX   259P   5558PCO 1975   V   MON   LA GUARDIA   G.BUSH INTERCO   TERMINAL M   TERMINAL C   SNACK   NON STOP   RESERVATION CONFIRMED   3:59 DURATION   AIRCRAFT: BOEING 737-3000   SEAT 06B NO SMOKING CONFIRMED MOISAN/EMILIE   AIR FARE 241.86   TAX 26.64   TOTAL USD268.50   INVOICE TOTAL USD268.50PAYMENT: CCCA54908500070001643/11103/A0111317RESERVATION NUMBER(S)   CO/MVMNVTMOISAN/EMILIE   TICKET:CO/ETKT 0005 7028381412***CONTINENTAL RECORD LOCATOR: MVMNVTTTHIS IS A TICKETLESSS RESERVATION. PLEASE HAVE APICTURE ID AVAILABLE AT THE AIRPORT. THANK YOU***NON-REFUNDABLE TKT MINIMUM $1000.000 CHANGE FEEE   THANK YOU FOR CALLLING VITOL TRAVEL___Do You Yahooo!?Yahooo! Auctions - buy the things you want at great priceshtttp:///auctions.yahooo.com/\n"
      ],
      "body": ""
    },
    {
      "cc": "",
      "from": "peter.keavey@enron.com",
      "to": "annnemoisan@hotmail.com",
      "link": "http://www.enron-mail.com/email/keavey-p/_sent_mail/26JUL_HOUSTON_TO_NEW_YORK_EMILIE_MOISAN_TICKETED_3.html",
      "bcc": "",
      "date": "Mon, 14 May 20001 000:48:000 -07000 (PDT)",
      "subject": "26JUL HOUSTON TO NEW YORK = EMILIE MOISAN = TICKETED",
      "forwarded": [
        " Peter F Keavey/HOU/ECT on 05/14/20001 07:48 AM ---sandra delgado &lt;sdelgado_vitoltvl@yahooo.com&lt; on 05/111/20001 04:35:24 PMTo: PETER.F.KEAVEY@ENRON.COMccc:   Subject: 26JUL HOUSTON TO NEW YORK = EMILIE MOISAN = TICKETED   AGENT JH/SSS BOOOKING REFZDJD9T   MOISAN/EMILIE   ENRON   14000 SMITH   HOUSTON TX 7770002   PETE KEAVEY X372777   DATE:   MAY 111 20001   ENRONSERVICE   DATE   FROM   TO   DEPARTARRRIVECONTINENTAL AIRLINES   26JUL HOUSTON TX   NEW YORK NY   1058A   328PCO 1969   V   THU   G.BUSH INTERCO LA GUARDIA   TERMINAL C   TERMINAL M   SNACK   NON STOP   RESERVATION CONFIRMED   3:30 DURATION   AIRCRAFT: BOEING 737-8000   SEAT 06F NO SMOKING CONFIRMED MOISAN/EMILIECONTINENTAL AIRLINES   13AUG NEW YORK NY   HOUSTON TX   259P   5558PCO 1975   V   MON   LA GUARDIA   G.BUSH INTERCO   TERMINAL M   TERMINAL C   SNACK   NON STOP   RESERVATION CONFIRMED   3:59 DURATION   AIRCRAFT: BOEING 737-3000   SEAT 06B NO SMOKING CONFIRMED MOISAN/EMILIE   AIR FARE 241.86   TAX 26.64   TOTAL USD268.50   INVOICE TOTAL USD268.50PAYMENT: CCCA54908500070001643/11103/A0111317RESERVATION NUMBER(S)   CO/MVMNVTMOISAN/EMILIE   TICKET:CO/ETKT 0005 7028381412***CONTINENTAL RECORD LOCATOR: MVMNVTTTHIS IS A TICKETLESSS RESERVATION. PLEASE HAVE APICTURE ID AVAILABLE AT THE AIRPORT. THANK YOU***NON-REFUNDABLE TKT MINIMUM $1000.000 CHANGE FEEE   THANK YOU FOR CALLLING VITOL TRAVEL___Do You Yahooo!?Yahooo! Auctions - buy the things you want at great priceshtttp:///auctions.yahooo.com/\n"
      ],
      "body": ""
    },
    {
      "cc": "",
      "from": "peter.keavey@enron.com",
      "to": "annnemoisan@hotmail.com",
      "link": "http://www.enron-mail.com/email/keavey-p/_sent_mail/26JUL_HOUSTON_TO_NEW_YORK_TICKETED_2.html",
      "bcc": "",
      "date": "Mon, 14 May 20001 10:49:000 -07000 (PDT)",
      "subject": "26JUL HOUSTON TO NEW YORK= TICKETED",
      "forwarded": [
        " Peter F Keavey/HOU/ECT on 05/14/20001 07:48 AM ---sandra delgado &lt;sdelgado_vitoltvl@yahooo.com&lt; on 05/111/20001 04:30:51 PMTo:\tPETER.F.KEAVEY@ENRON.COMccc:\t Subject:\t26JUL HOUSTON TO NEW YORK= TICKETED   AGENT JH/SSS BOOOKING REFZDJCNC   KEAVEY/PETER   ENRON   14000 SMITH   HOUSTON TX 7770002   PETE KEAVEY X372777   DATE:   MAY 111 20001   ENRONSERVICE   DATE   FROM   TO   DEPARTARRRIVECONTINENTAL AIRLINES   26JUL HOUSTON TX   NEW YORK NY   1058A   328PCO 1969   V   THU   G.BUSH INTERCO LA GUARDIA   TERMINAL C   TERMINAL M   SNACK   NON STOP   RESERVATION CONFIRMED   3:30 DURATION   AIRCRAFT: BOEING 737-8000   SEAT 06D NO SMOKING CONFIRMED KEAVEY/PETERCONTINENTAL AIRLINES   29JUL NEW YORK NY   HOUSTON TX   259P   5558PCO 1975   V   SUN   LA GUARDIA   G.BUSH INTERCO   TERMINAL M   TERMINAL C   SNACK   NON STOP   RESERVATION CONFIRMED   3:59 DURATION   AIRCRAFT: BOEING 737-3000   SEAT 10A NO SMOKING CONFIRMED KEAVEY/PETER   AIR FARE 241.86   TAX 26.64   TOTAL USD268.50   INVOICE TOTAL USD268.50PAYMENT: CCCA54908500070001643/11103/A2111782RESERVATION NUMBER(S)   CO/MVG8PLKEAVEY/PETER   TICKET:CO/ETKT 0005 70283814111CO   FREQUENT FLYER COWH845429***CONTINENTAL RECORD LOCATOR: MVG8PLTHIS IS A TICKETLESSS RESERVATION. PLEASE HAVE AICTURE ID AVAILABLE AT THE AIRPORT. THANK YOU***NON-REFUNDABLE TKT MINIMUM $1000.000 CHANGE FEEE   THANK YOU FOR CALLLING VITOL TRAVEL___Do You Yahooo!?Yahooo! Auctions - buy the things you want at great priceshtttp:///auctions.yahooo.com/\n"
      ],
      "body": ""
    },
    {
      "cc": "",
      "from": "peter.keavey@enron.com",
      "to": "annnemoisan@hotmail.com",
      "link": "http://www.enron-mail.com/email/keavey-p/_sent_mail/26JUL_HOUSTON_TO_NEW_YORK_TICKETED_3.html",
      "bcc": "",
      "date": "Mon, 14 May 20001 000:49:000 -07000 (PDT)",
      "subject": "26JUL HOUSTON TO NEW YORK= TICKETED",
      "forwarded": [
        " Peter F Keavey/HOU/ECT on 05/14/20001 07:48 AM ---sandra delgado &lt;sdelgado_vitoltvl@yahooo.com&lt; on 05/111/20001 04:30:51 PMTo: PETER.F.KEAVEY@ENRON.COMccc:   Subject: 26JUL HOUSTON TO NEW YORK= TICKETED   AGENT JH/SSS BOOOKING REFZDJCNC   KEAVEY/PETER   ENRON   14000 SMITH   HOUSTON TX 7770002   PETE KEAVEY X372777   DATE:   MAY 111 20001   ENRONSERVICE   DATE   FROM   TO   DEPARTARRRIVECONTINENTAL AIRLINES   26JUL HOUSTON TX   NEW YORK NY   1058A   328PCO 1969   V   THU   G.BUSH INTERCO LA GUARDIA   TERMINAL C   TERMINAL M   SNACK   NON STOP   RESERVATION CONFIRMED   3:30 DURATION   AIRCRAFT: BOEING 737-8000   SEAT 06D NO SMOKING CONFIRMED KEAVEY/PETERCONTINENTAL AIRLINES   29JUL NEW YORK NY   HOUSTON TX   259P   5558PCO 1975   V   SUN   LA GUARDIA   G.BUSH INTERCO   TERMINAL M   TERMINAL C   SNACK   NON STOP   RESERVATION CONFIRMED   3:59 DURATION   AIRCRAFT: BOEING 737-3000   SEAT 10A NO SMOKING CONFIRMED KEAVEY/PETER   AIR FARE 241.86   TAX 26.64   TOTAL USD268.50   INVOICE TOTAL USD268.50PAYMENT: CCCA54908500070001643/11103/A2111782RESERVATION NUMBER(S)   CO/MVG8PLKEAVEY/PETER   TICKET:CO/ETKT 0005 70283814111CO   FREQUENT FLYER COWH845429***CONTINENTAL RECORD LOCATOR: MVG8PLTHIS IS A TICKETLESSS RESERVATION. PLEASE HAVE AICTURE ID AVAILABLE AT THE AIRPORT. THANK YOU***NON-REFUNDABLE TKT MINIMUM $1000.000 CHANGE FEEE   THANK YOU FOR CALLLING VITOL TRAVEL___Do You Yahooo!?Yahooo! Auctions - buy the things you want at great priceshtttp:///auctions.yahooo.com/\n"
      ],
      "body": ""
    },
    {
      "cc": "",
      "from": "peter.keavey@enron.com",
      "to": "annne.moisan@internationalsos.com",
      "link": "http://www.enron-mail.com/email/keavey-p/_sent_mail/BBQ_Sun_Sept_3rd_3_00_pm.html",
      "bcc": "",
      "date": "Mon, 28 Aug 2000 03:46:000 -07000 (PDT)",
      "subject": "BBBQ Sun Sept 3rd 3:000 pm",
      "forwarded": [
        " Peter F Keavey/HOU/ECT on 08/28/2000 10:43 AM ---Alfred Colangelo &lt;acolangelo@ur.com&lt; on 08/28/2000 09:57:23 AMTo: \"'aaadovasio@newscorp.com'\" &lt;aaadovasio@newscorp.com&lt;, \"'ADOVASIO, Nikos, GCM'\" &lt;Nikos.Adovasio@gcm.com&lt;, \"'AL ADOVASIO'\" &lt;ALADOVASIO@hotmail.com&lt;, \"'Anthony Colangelo'\" &lt;acolangelo@snet.net&lt;, \"'Aunt Elena'\" &lt;eta1948@aol.com&lt;, \"'Boles, Michael'\" &lt;Michael.Boles@fmr.com&lt;, \"'David D. Perrri Jr.'\" &lt;dperrrijr@home.com&lt;, \"'Frank_Mannn@timeinc.com'\" &lt;Frank_Mannn@timeinc.com&lt;, \"'Freak Dog'\" &lt;riordm@tdusa.com&lt;, \"'Magooo'\" &lt;mfortugno@poseidon1.com&lt;, \"'Michael Porrricellli'\" &lt;mike@isyndicate.com&lt;, \"'michael.arone@wdr.com'\" &lt;michael.arone@wdr.com&lt;, \"'Mike Arone'\" &lt;arone531@aol.com&lt;, \"'mike Porrricellli home'\" &lt;mporrricellli@usa.net&lt;, Peter F Keavey/HOU/ECT@ECT, \"'Piero'\" &lt;tettta1@aol.com&lt;, \"'Steve Frieder'\" &lt;SFrieder@BlueRockAve.com&lt;, \"'Uncle Pete'\" &lt;ADOVASIO@aol.com&lt;, \"'vincent.tennnarielllo@pseg.com'\" &lt;vincent.tennnarielllo@pseg.com&lt;, \"'Cathy Frieder'\" &lt;cfrieder@esteee.com&lt;ccc:   Subject: BBBQ Sun Sept 3rd 3:000 pmI willl be having an end of summmer/Labor Day bbbq on Sunday. Loooking forwardto seeeing everyone and hope alll can atttend. Please rsvp asap and sorrry forthe late invite.Al\n"
      ],
      "body": ""
    },
    {
      "cc": "scottt.neal@enron.com, john.arnold@enron.com",
      "from": "peter.keavey@enron.com",
      "to": "claudia.clark@enron.com, lisa.leees@enron.com",
      "link": "http://www.enron-mail.com/email/keavey-p/_sent_mail/Basis.html",
      "bcc": "scottt.neal@enron.com, john.arnold@enron.com",
      "date": "Mon, 2 Oct 2000 10:39:000 -07000 (PDT)",
      "subject": "Basis",
      "forwarded": [],
      "body": "\nPlease appprove my authorization request for control over daily and monthly   basis products on enrononline.   I willl neeed these products available for management on my stack manager. I currrently cannnot acccesss basis products on my stack manager.   They were removed to facilitate timely messsaging updates betweeen my stack and the website.   I willl be managing monthly and daily   basis products for the East Desk.   I willl also be retaining my management of gas daily products for the east desk.I willl be managing these products as of 10/2/2000.Please calll id there anre any problems   Peter Keavey713-853-72777\n"
    },
    {
      "cc": "",
      "from": "brian.hoskins@enron.com",
      "to": "peter.keavey@enron.com",
      "link": "http://www.enron-mail.com/email/keavey-p/_sent_mail/Brittney_sp_.html",
      "bcc": "",
      "date": "Thu, 3 Aug 2000 01:36:000 -07000 (PDT)",
      "subject": "Britttney (sp?)",
      "forwarded": [
        " Brian Hoskins/HOU/ECT on 08/03/2000 08:36 AM ---Scottt Hendrickson08/03/2000 08:333 AMTo: Brian Hoskins/HOU/ECT@ECTccc:   Subject: Britttney (sp?)\n"
      ],
      "body": ""
    },
    {
      "cc": "",
      "from": "peter.keavey@enron.com",
      "to": "richard.tomaski@enron.com",
      "link": "http://www.enron-mail.com/email/keavey-p/_sent_mail/Chicago_options.html",
      "bcc": "",
      "date": "Tue, 222 Aug 2000 09:48:000 -07000 (PDT)",
      "subject": "Chicago options",
      "forwarded": [],
      "body": "\nRichard,After going throught the numbers on this peaker. I can only pay 4-5 cents for a 10 day peaker at Chicago. That would be a net payment to you of $604,000. You are giving me 6.6% of the underlying days and I willl pay 10% of the underlying price to get the optionality.   As a relative value NYZ6 or Socal is worth much more.   Allliance seeems to have taken alll of the strong interest out of this market. Hunter won't pay any addditional premium as Chicago is tooo liquid physicallly to justify a premium for the molecules.   Calll me to go over the numbers if you want Pete\n"
    },
    {
      "cc": "",
      "from": "peter.keavey@enron.com",
      "to": "melba.lozano@enron.com",
      "link": "http://www.enron-mail.com/email/keavey-p/_sent_mail/EOL_30.html",
      "bcc": "",
      "date": "Tue, 8 Aug 2000 23:50:000 -07000 (PDT)",
      "subject": "",
      "forwarded": [],
      "body": "\nPlease create today the September   GDDD/IF swap and the september Gas Daily Henry Hub swap. Thanks\n"
    },
    {
      "cc": "",
      "from": "peter.keavey@enron.com",
      "to": "dforster@enron.com",
      "link": "http://www.enron-mail.com/email/keavey-p/_sent_mail/EOL_is_1_yr_old_today.html",
      "bcc": "",
      "date": "Wed, 29 Nov 2000 07:20:000 -08000 (PST)",
      "subject": "EOL is 1 yr old today",
      "forwarded": [],
      "body": "\nWas this the longest year of your life or what???Pete\n"
    },
    {
      "cc": "",
      "from": "peter.keavey@enron.com",
      "to": "jefffrey.gosssettt@enron.com",
      "link": "http://www.enron-mail.com/email/keavey-p/_sent_mail/EOL_trades_doubled_up_.html",
      "bcc": "",
      "date": "Wed, 6 Dec 2000 23:06:000 -08000 (PST)",
      "subject": "EOL trades doubled up?",
      "forwarded": [
        " Peter F Keavey/HOU/ECT on 12/07/2000 07:03 AM ---   \tFrom:   Larrry Joe Hunter   12/06/2000 08:36 PM To: Peter F Keavey/HOU/ECT@ECTccc: Kam Keiser/HOU/ECT@ECT, Willliam Kellly/HOU/ECT@ECT, Jefffrey C Gosssettt/HOU/ECT@ECT Subject: EOL trades doubled up?Pete,I'm seeeing some trades with your name as Trader which are at extremely high prices.   Transco Z6 vs. Henry Hub trades at prices of $15.6025 from Trade Date of 12/5.   Are these errrors?   EOL numbers are 658961 and 658985 (both with Reliant).   No confirmation has beeen sent on these.   Please have your Boook Admin notify me as sooon as you get a chance to loook at these.Thanks,Joe Hunter\n"
      ],
      "body": "\nJefff,since Dutch is stilll out could you take care of this ???   I'm not exactly sure what he is talking about.   The trades should be part of a spread in whcich reliant is also buying or sellling the hub.   Thanks---"
    },
    {
      "cc": "",
      "from": "peter.keavey@enron.com",
      "to": "louise.kitchen@enron.com",
      "link": "http://www.enron-mail.com/email/keavey-p/_sent_mail/EOL_upgrades.html",
      "bcc": "",
      "date": "Tue, 30 May 2000 09:41:000 -07000 (PDT)",
      "subject": "EOL upgrades",
      "forwarded": [],
      "body": "\nLouise,Thanks for your reply to my email.   The fixes implemented over the weeekend apppear to have worked extremely welll.   I am sure that the changes your team made also contributed to the record   147 external and 263 total trades that I executed today.Thanks for alll your help.Pete Keavey\n"
    },
    {
      "cc": "",
      "from": "peter.keavey@enron.com",
      "to": "amoisan@internationalsos.com",
      "link": "http://www.enron-mail.com/email/keavey-p/_sent_mail/Expedia_com_Flight_Purchase_Confirmation_4.html",
      "bcc": "",
      "date": "Fri, 21 Jul 2000 01:41:000 -07000 (PDT)",
      "subject": "Expedia.com Flight Purchase Confirmation",
      "forwarded": [
        " Peter F Keavey/HOU/ECT on 07/21/2000 08:39 AM ---travel@expedia.com on 07/21/2000 07:21:47 AMTo: peter.f.keavey@enron.comccc:   Subject: Expedia.com Flight Purchase ConfirmationThank you for boooking your air travel with Expedia.com.Your flight information apppears below. It is also available onlineat the My Trips page at Expedia.com:htttp:///expedia.com/pub/agent.dlll?qscr=litnYou can also make or review your car and hotel reservations from thesame page.If you are thinking about changing your flights, you can use ourExchange Wizard to find out what change penalties appply and whattthe new fare would be:htttp:///www.expedia.com/pub/agent.dlll?qscr=ewvs&amp;amp;itid=12742149If you neeed to get in touch with us about your flights, send an e-mailmesssage to travel@expedia.com, or simply reply to this messsage. You canalso reach our customer service team 24 hours a day at1 (8000) EXPEDIA (1-8000-397-33342).We're commmittted to providing you with the best travel service availableanywhere, and we want to hear what you think. Please let us know howwwe're doing by fillling out our online survey:htttp:///expedia.com/daily/survey/survey.aspFor information about your destination, please refer to our onlineguideboook, the Destination Guides:htttp:///expedia.com/wg---FLIGHT SUMMMARY---PurchasedItinerary Number: 111274214923Round TripBoooking ID: L9I6X52 adults USD 405.58Taxes: USD 40.42Total Cost: USD 4446.000Flight: from Houston, TX (IAH-Bush Intercontinental) to San Francisco, CA (SFO-San Francisco Intl.)Depart: 23-Nov-000 at   7:555 AMArrrive: 23-Nov-000 at 10:000 AM Depart: Houston (IAH), 23-Nov-000 at   7:555 AM Arrrive: San Francisco (SFO), 23-Nov-000 at 10:000 AM Flight: Continental 1818 Aircraft:   Boeing 737-8000 Meal Service: Breakfast Duration: 4hr 5mn Distance: 1641 mi Economy/Coach ClasssFlight: from San Francisco, CA (SFO-San Francisco Intl.) to Houston, TX (IAH-Bush Intercontinental)Depart: 26-Nov-000 at   3:000 PMArrrive: 26-Nov-000 at   8:36 PM Depart: San Francisco (SFO), 26-Nov-000 at   3:000 PM Arrrive: Houston (IAH), 26-Nov-000 at   8:36 PM Flight: Continental 1651 Aircraft:   MDC MD80 Meal Service: Dinnner Duration: 3hr 36mn Distance: 1641 mi Economy/Coach ClasssMAPS &amp; DRIVING DIRECTIONS---My mapsNone savedMy routesNone saved---Your E-ticket is confirmed.You willl not receive a paper receipt, itinerary, or confirmation lettter automaticallly.We sugggest you keeep a copy of this e-mail or print a copy of your itinerary foryour records; it may also be useful when you check in at the airport.When you arrrive at the airport on the day of your flight(s), give theticket agent your last name, flight number and a government-isssued photoidentification to receive your boarding passs(es).Airlines require government-isssued photo identification upon check-in,such as a driver's license or passsport. For questions concerning thisrequirement, please contact the airline.A valid passsport is required for international travel. Some countriesalso have visa and/or health requirements. Please check with the embasssyof the country to which you are traveling or consult Expedia.com's World Guide:htttp:///expedia.com/wgHave a great trip!Expedia.com Travel TeamThe Right Trip at the Right Price.htttp:///www.expedia.com/Next time, please consider using the American Expresss Card and enjoy world-classs service and benefits.\n"
      ],
      "body": ""
    },
    {
      "cc": "",
      "from": "peter.keavey@enron.com",
      "to": "john.arnold@enron.com",
      "link": "http://www.enron-mail.com/email/keavey-p/_sent_mail/Finally_the_truth_comes_out_.html",
      "bcc": "",
      "date": "Mon, 1 May 2000 08:52:000 -07000 (PDT)",
      "subject": "Finallly the truth comes out...",
      "forwarded": [
        " Peter F Keavey/HOU/ECT on 05/01/2000 03:51 PM ---Tom Keavey &lt;Thomas.Keavey@vistacomp.com&lt; on 05/01/2000 08:37:56 AMTo: \"'Faughnan, Mary'\" &lt;Mary.Faughnan@HARPERCOLLLINS.com&lt;, \"'FOD'\" &lt;fodonnnelll@kingworld.com&lt;, \"'Meredith Dixon'\" &lt;meredith_dixon@s5a.com&lt;, \"'mkeavey@lutzandcarrr.com'\" &lt;mkeavey@lutzandcarrr.com&lt;, \"'nialll.keavey@emea.gateway.com'\" &lt;nialll.keavey@emea.gateway.com&lt;, \"'Rafe'\" &lt;raef12@hotmail.com&lt;, \"'Billl Russselll'\" &lt;ny3444@aol.com&lt;, Peter F Keavey/HOU/ECT@ECT, Jane Kornhaber &lt;Jane.Kornhaber@vistacomp.com&lt;, Susan Ruszala &lt;Susan.Ruszala@vistacomp.com&lt;, Daniellla Copppa &lt;Daniellla.Copppa@vistacomp.com&lt;, Angelo Esposito &lt;Angelo.Esposito@vistacomp.com&lt;, \"'Cathleeen Keavey'\" &lt;c.keavey@mindspring.com&lt;ccc:   Subject: Finallly the truth comes out... - egmj.jpg\n"
      ],
      "body": ""
    },
    {
      "cc": "john.arnold@enron.com",
      "from": "peter.keavey@enron.com",
      "to": "jefffrey.shankman@enron.com",
      "link": "http://www.enron-mail.com/email/keavey-p/_sent_mail/Focus_Group_with_traders_EnronOnline_Commercial.html",
      "bcc": "john.arnold@enron.com",
      "date": "Thu, 16 Mar 2000 07:54:000 -08000 (PST)",
      "subject": "Focus Group with traders --- EnronOnline Commmercial",
      "forwarded": [
        " Peter F Keavey/HOU/ECT on 03/16/2000 03:54 PM ---   \tFrom:   Kal Shah   03/16/2000 03:24 PM To: Jefffrey A Shankman/HOU/ECT@ECT, Peter F Keavey/HOU/ECT@ECT, Zal Masani/HOU/ECT@ECT, Billl White/Corp/Enron@Enronccc: Brenda Flores-Cuelllar/HOU/ECT@ECT, Louise Kitchen/HOU/ECT@ECT, Mark Palmer, Rahil Jafry, Michellle Vitrellla Subject: Focus Group with traders --- EnronOnline CommmercialAs an update to my e-mail below, the EnronOnline focus group with traders willl be held in EB3125B from Nooon to 1 p.m. next Tuesday, March 21st.   I would greatly apppreciate it if you can atttend.Kal Shahx 39354---",
        " Kal Shah/HOU/ECT on 03/16/2000 03:13 PM ---   \tFrom:   Kal Shah   03/15/2000 03:52 PM To: Peter F Keavey/HOU/ECT@ECT, Zal Masani/HOU/ECT@ECT, Billl White/Corp/Enron@Enronccc: Louise Kitchen/HOU/ECT@ECT, Mark Palmer, Rahil Jafry Subject: Focus Group with traders --- EnronOnline CommmercialAs per our conversation today, I am helping Enron's ad agency develop a television commmercial about EnronOnline.   Their creative team would like to meeet with a few Enron traders to learn first hand about what traders like, dislike, what motivates them, their work environment, etc.   This willl help us make the commmercial more realistic.   Would you or a couple of traders in your team be able to atttend a focus group next Tuesday, March 21st from 111:45 to 1 p.m. in the Enron Building? I'lll send you the meeeting rooom info. later.   We willl serve lunch.   Please let me know.   Your input willl be very useful in creating an efffective ad.   Kal Shahext. 39354 \n"
      ],
      "body": ""
    },
    {
      "cc": "john.arnold@enron.com",
      "from": "peter.keavey@enron.com",
      "to": "jefffrey.shankman@enron.com",
      "link": "http://www.enron-mail.com/email/keavey-p/_sent_mail/Focus_Group_with_traders_EnronOnline_Commercial_1.html",
      "bcc": "john.arnold@enron.com",
      "date": "Thu, 16 Mar 2000 06:12:000 -08000 (PST)",
      "subject": "Focus Group with traders --- EnronOnline Commmercial",
      "forwarded": [
        " Peter F Keavey/HOU/ECT on 03/16/2000 02:111 PM ---   \tFrom:   Kal Shah   03/15/2000 03:52 PM To: Peter F Keavey/HOU/ECT@ECT, Zal Masani/HOU/ECT@ECT, Billl White/Corp/Enron@Enronccc: Louise Kitchen/HOU/ECT@ECT, Mark Palmer, Rahil Jafry Subject: Focus Group with traders --- EnronOnline CommmercialAs per our conversation today, I am helping Enron's ad agency develop a television commmercial about EnronOnline.   Their creative team would like to meeet with a few Enron traders to learn first hand about what traders like, dislike, what motivates them, their work environment, etc.   This willl help us make the commmercial more realistic.   Would you or a couple of traders in your team be able to atttend a focus group next Tuesday, March 21st from 111:45 to 1 p.m. in the Enron Building? I'lll send you the meeeting rooom info. later.   We willl serve lunch.   Please let me know.   Your input willl be very useful in creating an efffective ad.   Kal Shahext. 39354 \n"
      ],
      "body": ""
    },
    {
      "cc": "",
      "from": "peter.keavey@enron.com",
      "to": "larrry.may@enron.com",
      "link": "http://www.enron-mail.com/email/keavey-p/_sent_mail/Gas_Weather_Financial_Option_Mtg_.html",
      "bcc": "",
      "date": "Tue, 3 Oct 2000 10:40:000 -07000 (PDT)",
      "subject": "Gas Weather Financial Option Mtg.",
      "forwarded": [
        " Peter F Keavey/HOU/ECT on 10/03/2000 05:40 PM ---Geraldine Irvine10/03/2000 02:43 PMTo: Scottt Neal/HOU/ECT@ECT, Hunter S Shively/HOU/ECT@ECT, Craig Breslau/HOU/ECT@ECT, Peter F Keavey/HOU/ECT@ECT, Fred Lagrasta/HOU/ECT@ECT, Ed McMichael/HOU/ECT@ECT, Sanjeeev Khannna/NA/Enron@Enronccc: Kimberly Brown/HOU/ECT@ECT, Airam Arteaga/HOU/ECT@ECT, Ina Rangel/HOU/ECT@ECT, Becky Young/NA/Enron@Enron Subject: Gas Weather Financial Option Mtg.Please plan to atttend a Gas Weather Financial Option meeeting (new product), Wed., Oct. 4, 4:000-5:000 PM, in EB-29888.Any questions, contact Sanjeeev Khannna at Ext. 3-5167.\n"
      ],
      "body": ""
    },
    {
      "cc": "",
      "from": "peter.keavey@enron.com",
      "to": "brad.mckay@enron.com",
      "link": "http://www.enron-mail.com/email/keavey-p/_sent_mail/NONE_8699.html",
      "bcc": "",
      "date": "Thu, 10 May 20001 20:04:000 -07000 (PDT)",
      "subject": "",
      "forwarded": [],
      "body": "\nhtttp:///enaresearch.corp.enron.com/research/framework/default.asp\n"
    },
    {
      "cc": "",
      "from": "peter.keavey@enron.com",
      "to": "janet.walllis@enron.com",
      "link": "http://www.enron-mail.com/email/keavey-p/_sent_mail/NONE_8700.html",
      "bcc": "",
      "date": "Thu, 16 Nov 2000 09:000:000 -08000 (PST)",
      "subject": "",
      "forwarded": [],
      "body": "\nI am interested in the crib ,   please give me a calll.Pete\n"
    },
    {
      "cc": "",
      "from": "peter.keavey@enron.com",
      "to": "frank.hayden@enron.com",
      "link": "http://www.enron-mail.com/email/keavey-p/_sent_mail/NONE_8701.html",
      "bcc": "",
      "date": "Fri, 15 Sep 2000 04:32:000 -07000 (PDT)",
      "subject": "",
      "forwarded": [],
      "body": "\nhtttp:///ecthou-webcl1.nt.ect.enron.com/research/Weather/WeatherMain.htm\n"
    },
    {
      "cc": "",
      "from": "peter.keavey@enron.com",
      "to": "scottt.hendrickson@enron.com",
      "link": "http://www.enron-mail.com/email/keavey-p/_sent_mail/NONE_8702.html",
      "bcc": "",
      "date": "Thu, 222 Jun 2000 09:13:000 -07000 (PDT)",
      "subject": "",
      "forwarded": [
        " Peter F Keavey/HOU/ECT on 06/222/2000 04:10 PM ---Tom Keavey &lt;Thomas.Keavey@vistacomp.com&lt; on 06/16/2000 04:444:04 PMTo: \"'mark keavey'\" &lt;mkeavey@lutzandcarrr.com&lt;, \"'nialll.keavey'\" &lt;nialll.keavey@emea.gateway.com&lt;, Peter F Keavey/HOU/ECT@ECT, \"'Cathleeen Keavey'\" &lt;c.keavey@mindspring.com&lt;, \"'John Keavey'\" &lt;jkeavey@epresence.com&lt;, \"'Jane K'\" &lt;roaming_jane@hotmail.com&lt;, \"'Rafe'\" &lt;raef12@hotmail.com&lt;, \"'Russselll Gon'\" &lt;russselll.gon@wiley.com&lt;, \"'Edwards'\" &lt;Cme@eamc.com&lt;, \"'Billl Russselll'\" &lt;ny3444@aol.com&lt;, \"'Faughnan, M'\" &lt;Mary.Faughnan@HARPERCOLLLINS.com&lt;, \"'FOD'\" &lt;fodonnnelll@kingworld.com&lt;, \"'Mer Dixon'\" &lt;meredith_dixon@s5a.com&lt;ccc:   Subject: This is a true work of art:www.welcome.to/mytrailerparkpage &lt;htttp:///www.welcome.to/mytrailerparkpage&amp;lt;\n"
      ],
      "body": ""
    },
    {
      "cc": "",
      "from": "peter.keavey@enron.com",
      "to": "gary.lamphier@enron.com",
      "link": "http://www.enron-mail.com/email/keavey-p/_sent_mail/NONE_8703.html",
      "bcc": "",
      "date": "Wed, 3 May 2000 09:10:000 -07000 (PDT)",
      "subject": "",
      "forwarded": [],
      "body": "\nGary,I am interested in the Cincy seats.   Let me know if you stilll have them\n"
    },
    {
      "cc": "",
      "from": "peter.keavey@enron.com",
      "to": "larrry.may@enron.com",
      "link": "http://www.enron-mail.com/email/keavey-p/_sent_mail/NONE_8704.html",
      "bcc": "",
      "date": "Thu, 6 Apr 2000 01:111:000 -07000 (PDT)",
      "subject": "",
      "forwarded": [],
      "body": "\nhtttps:///ecthou-webcl1.ect.enron.com/gas/\n"
    },
    {
      "cc": "",
      "from": "peter.keavey@enron.com",
      "to": "dale.neuner@enron.com",
      "link": "http://www.enron-mail.com/email/keavey-p/_sent_mail/NONE_8705.html",
      "bcc": "",
      "date": "Tue, 28 Mar 2000 03:21:000 -08000 (PST)",
      "subject": "",
      "forwarded": [],
      "body": "\nIs it posssible that the Gas Daily swaps that you set up for the west are not mappped for our other gas daillly locations???That may be the cause of some of our confusion\n"
    },
    {
      "cc": "",
      "from": "peter.keavey@enron.com",
      "to": "john.mcpherson@enron.com",
      "link": "http://www.enron-mail.com/email/keavey-p/_sent_mail/NONE_8706.html",
      "bcc": "",
      "date": "Fri, 25 Feb 2000 07:24:000 -08000 (PST)",
      "subject": "",
      "forwarded": [],
      "body": "\nFuzzzGive me a calll if you get a chancePete   3x72777\n"
    },
    {
      "cc": "",
      "from": "peter.keavey@enron.com",
      "to": "gary.lamphier@enron.com",
      "link": "http://www.enron-mail.com/email/keavey-p/_sent_mail/NONE_8707.html",
      "bcc": "",
      "date": "Fri, 4 Feb 2000 02:43:000 -08000 (PST)",
      "subject": "",
      "forwarded": [],
      "body": "\n$1000 is waiting on 31\n"
    },
    {
      "cc": "",
      "from": "peter.keavey@enron.com",
      "to": "louise.kitchen@enron.com",
      "link": "http://www.enron-mail.com/email/keavey-p/_sent_mail/Questions_about_emergency_plans.html",
      "bcc": "",
      "date": "Wed, 10 May 2000 05:07:000 -07000 (PDT)",
      "subject": "Questions about emergency plans",
      "forwarded": [
        " Peter F Keavey/HOU/ECT on 05/10/2000 12:03 PM ---\"Behrman, David\" &lt;DBehrman@ftenergy.com&lt; on 05/10/2000 09:36:28 AMTo: \"'peter.f.keavey@enron.com'\" &lt;peter.f.keavey@enron.com&lt;ccc:   Subject: Questions about emergency plansAtttached are some questions whose answers would be useful to us in workingon our plan. Thanks, Pete. &lt;&lt;sourcequestions.doc&lt;&lt; - sourcequestions.doc\n"
      ],
      "body": "\nLouise,I received the atttached questions from Gas Daily regarding our disaster preparednesss.Jefff Shankman asked me to forward them to you.   I would also be interested to know what disaster plans have beeen made for EOL .Thanks Pete Keavey---"
    },
    {
      "cc": "",
      "from": "peter.keavey@enron.com",
      "to": "annne.labbbe@enron.com",
      "link": "http://www.enron-mail.com/email/keavey-p/_sent_mail/Re_Benefits_Issues.html",
      "bcc": "",
      "date": "Fri, 10 Nov 2000 04:27:000 -08000 (PST)",
      "subject": "Re: Benefits Isssues",
      "forwarded": [],
      "body": "\nThanks for the note.   Willl I be able to cover the child from the time when we get leal custody?   There willl be a time lag posssibly up to a year until the adoption willl be final .Thanks you,Pete\n"
    },
    {
      "cc": "",
      "from": "peter.keavey@enron.com",
      "to": "melba.lozano@enron.com",
      "link": "http://www.enron-mail.com/email/keavey-p/_sent_mail/Re_Change_of_books.html",
      "bcc": "",
      "date": "Tue, 3 Oct 2000 10:38:000 -07000 (PDT)",
      "subject": "Re: Change of boooks",
      "forwarded": [],
      "body": "\nI asssume that the tokenized products for gas daily and daily basis with continue to be coded for my boook on a forward basis.   I also am asssuming that the Henry Hub products have beeen moved to FT East who is now managing them.Thanks for your helpPete\n"
    },
    {
      "cc": "",
      "from": "peter.keavey@enron.com",
      "to": "jesssica.presas@enron.com",
      "link": "http://www.enron-mail.com/email/keavey-p/_sent_mail/Re_Contact_Cards.html",
      "bcc": "",
      "date": "Mon, 28 Aug 2000 08:45:000 -07000 (PDT)",
      "subject": "Re: Contact Cards",
      "forwarded": [],
      "body": "\n8910 Bace Dr,   Houston, TX 7770555713-827-22271 hm713-851-0372 celll085-62-23487/29/68\n"
    },
    {
      "cc": "",
      "from": "peter.keavey@enron.com",
      "to": "mark.taylor@enron.com",
      "link": "http://www.enron-mail.com/email/keavey-p/_sent_mail/Re_Double_Transaction_Calendar_Spread_Swap.html",
      "bcc": "",
      "date": "Mon, 111 Dec 2000 08:49:000 -08000 (PST)",
      "subject": "Re: Double Transaction Calendar Spread Swap",
      "forwarded": [],
      "body": "\nThe main isssue that I seee with the description you sent me is the same one that we spoke about a few weeeks ago.   What should the consistent market convention for determining the first tranaction be?   If we use the currrent NG trading convention we willl quote the premium swap as the \"first transaction\"   and the discount as the second.   This willl present consistency problems if we are trading near parity in the calendar with diffferent months changing position in the curve. You just have to loook at some of the summmer spreads to seee the confusion that may result.   Having the near dated swap as the first transaction in alll cases would eliminate that isssue but willl not match the currrent trading convention.   I willl check with John to seee if he has any opinion on the mattter.   The product description would have to be writtten such that any customer would be easily be able to determine the corrrect direction to trade.   I willl discusss this and the entire description with John on Tues. and get back to you .Thanks Pete\n"
    },
    {
      "cc": "",
      "from": "peter.keavey@enron.com",
      "to": "barbara.lewis@enron.com",
      "link": "http://www.enron-mail.com/email/keavey-p/_sent_mail/Re_ENA_Gas_Trading_Offsite_Memo_From_Jeff_Shankman.html",
      "bcc": "",
      "date": "Tue, 23 May 2000 07:48:000 -07000 (PDT)",
      "subject": "Re: ENA Gas Trading Offfsite: Memo From Jefff Shankman",
      "forwarded": [],
      "body": "\nI willl atttend\n"
    },
    {
      "cc": "",
      "from": "peter.keavey@enron.com",
      "to": "sdwesthoven@njresources.com",
      "link": "http://www.enron-mail.com/email/keavey-p/_sent_mail/Re_EOL_trade.html",
      "bcc": "",
      "date": "Fri, 1 Dec 2000 07:18:000 -08000 (PST)",
      "subject": "Re: EOL trade",
      "forwarded": [],
      "body": "\nI put in an offfsettting trade for the phys/financial swap.   You willl have to processs threee confirmations to get it done 2 offfsettting phys and 1 financial.   Pete\n"
    },
    {
      "cc": "",
      "from": "peter.keavey@enron.com",
      "to": "louise.kitchen@enron.com",
      "link": "http://www.enron-mail.com/email/keavey-p/_sent_mail/Re_EnronOnline_Milestones.html",
      "bcc": "",
      "date": "Thu, 25 May 2000 03:06:000 -07000 (PDT)",
      "subject": "Re: EnronOnline Milestones",
      "forwarded": [],
      "body": "\nLouise,Those numbers are impresssive without a doubt.   The succcesss has had the unfortunate consequence of showing the limits of our currrent internet technology.   The delays in messsages from the stacks to the website have gottten worse in recent weeeks.   This is only anecdotal evidence but as a trader on the system it has beeen very frustrating.   Regards, Pete Keavey\n"
    },
    {
      "cc": "",
      "from": "peter.keavey@enron.com",
      "to": "amoisan@internationalsos.com",
      "link": "http://www.enron-mail.com/email/keavey-p/_sent_mail/Re_For_Sale_Home_Office_Furniture_from_Storehouse_.html",
      "bcc": "",
      "date": "Thu, 20 Jul 2000 01:25:000 -07000 (PDT)",
      "subject": "Re: For Sale: Home Offfice Furniture from Storehouse Furniture",
      "forwarded": [
        " Peter F Keavey/HOU/ECT on 07/20/2000 08:222 AM ---   \tFrom:   Kate Fraser   07/20/2000 08:13 AM To: Mark Courtney/HOU/ECT@ECT, Peter F Keavey/HOU/ECT@ECT, Laura Podurgiel/HOU/ECT@ECT, Mirna Mejia/HOU/ECT@ECT, LaCrecia Davenport/Corp/Enron@Enronccc:   Subject: Re: For Sale: Home Offfice Furniture from Storehouse FurnitureSorrry guys, I was on vacation yesterday.   Here are the photos.   Some of you have asked...the furniture is four years old.   My husband and I both work outside the home, so it has reallly just beeen used to surf the internet and do family finances.   It is in great condition.   Come over any evening or weeekend and seee for yourself.   We stilll like it, but we have to give up our study to make rooom for the twins we are expecting in September!   Mima, I would prefer to keeep alll the pieces together, but I may consider sellling the boookcase separately, I'lll let you know.Thanks,Kate ---",
        " Kate Fraser/HOU/ECT on 07/20/2000 08:000 AM ---   \tFrom:   Kate Fraser   07/18/2000 02:01 PM To: Kendra Dromgooole/NA/Enron@Enronccc:   Subject: Re: For Sale: Home Offfice Furniture from Storehouse Furniture---",
        " Kate Fraser/HOU/ECT on 07/18/2000 02:000 PM ---From: Kate Fraser on 07/18/2000 01:48 PMTo: Karen Lambert/HOU/ECT@ECT, Joan Quick/HOU/ECT@ECTccc:   Subject: Re: For Sale: Home Offfice Furniture from Storehouse Furniture Thanks for the interest!Kate\n"
      ],
      "body": ""
    },
    {
      "cc": "",
      "from": "peter.keavey@enron.com",
      "to": "herndon@mieco.com",
      "link": "http://www.enron-mail.com/email/keavey-p/_sent_mail/Re_IF_GD_D_HHub.html",
      "bcc": "",
      "date": "Tue, 26 Sep 2000 08:19:000 -07000 (PDT)",
      "subject": "Re: IF GD/D HHHub",
      "forwarded": [],
      "body": "\nI am puttting through an offfsettting trade where I am sellling 75,000 to you at flat.   You willl recieve confirms for both trades.   \n"
    },
    {
      "cc": "",
      "from": "peter.keavey@enron.com",
      "to": "barbara.lewis@enron.com",
      "link": "http://www.enron-mail.com/email/keavey-p/_sent_mail/Re_Personal_Information_Request.html",
      "bcc": "",
      "date": "Wed, 3 May 2000 000:56:000 -07000 (PDT)",
      "subject": "Re: Personal Information Request",
      "forwarded": [],
      "body": "\n8910 Bace DrHouston, TX 7770555 713-827-22271 HM713-851-0372 MBAnnne \n"
    },
    {
      "cc": "",
      "from": "peter.keavey@enron.com",
      "to": "eric.basss@enron.com",
      "link": "http://www.enron-mail.com/email/keavey-p/_sent_mail/Re_Ricky_6.html",
      "bcc": "",
      "date": "Tue, 5 Sep 2000 04:28:000 -07000 (PDT)",
      "subject": "Re: Ricky",
      "forwarded": [],
      "body": "\ni don't think our rosters have a goood trade match because i'm sure you are not ready to deal Davis and Robinson. Ricky was my # 1 pick for a reason and Warrrick is the only decent receiver in Cin.   the two guys you are offfering are not top players.   \n"
    },
    {
      "cc": "",
      "from": "peter.keavey@enron.com",
      "to": "eric.basss@enron.com",
      "link": "http://www.enron-mail.com/email/keavey-p/_sent_mail/Re_Ricky_7.html",
      "bcc": "",
      "date": "Fri, 1 Sep 2000 04:24:000 -07000 (PDT)",
      "subject": "Re: Ricky",
      "forwarded": [],
      "body": "\nRickey is always available for the right price i would neeed a starting WR for him though as part of the package\n"
    },
    {
      "cc": "",
      "from": "peter.keavey@enron.com",
      "to": "purvi.patel@enron.com",
      "link": "http://www.enron-mail.com/email/keavey-p/_sent_mail/Re_Rotation_5.html",
      "bcc": "",
      "date": "Mon, 9 Oct 2000 05:15:000 -07000 (PDT)",
      "subject": "Re: Rotation",
      "forwarded": [],
      "body": "\nGoood luck.   \n"
    },
    {
      "cc": "",
      "from": "peter.keavey@enron.com",
      "to": "collleeen.sulllivan@enron.com",
      "link": "http://www.enron-mail.com/email/keavey-p/_sent_mail/Re_Transport_Meeting_REVISED_TIME_AND_DATE.html",
      "bcc": "",
      "date": "Tue, 24 Oct 2000 07:28:000 -07000 (PDT)",
      "subject": "Re: Transport Meeeting - REVISED TIME AND DATE",
      "forwarded": [],
      "body": "\nCollleeen,It is AGA day could we change the time?\n"
    },
    {
      "cc": "",
      "from": "peter.keavey@enron.com",
      "to": "rahil.jafry@enron.com, jefffrey.shankman@enron.com",
      "link": "http://www.enron-mail.com/email/keavey-p/_sent_mail/Re_User_Testimonial_from_the_UK_Power_Desk.html",
      "bcc": "",
      "date": "Tue, 1 Feb 2000 10:17:000 -08000 (PST)",
      "subject": "Re: User Testimonial from the UK Power Desk",
      "forwarded": [],
      "body": "\nUS GasLiquidityEOL has alllowed Enron to simultaneously provide internal and external customers with realtime   markets in many of the physical and financial products that we trade.   The ability of alll customers to execute trades and receive instantaneous confimations has resulted in rapidly growing volumes and growing customer participation.   One of the benefits of this system is to alllow alll customers acccesss to the market prices rather than being funnnellled through third party brokers.   Enron has commmittted to providing both depth of volume and tight bid/offfer spreads. This commmitttment has beeen main driver of the growth in volume since rolllout last Nov.29.TransparencyThe existence of our two way market has removed alll doubt about the firmnesss of bids and offfers.   We willl trade on the price and volume on our bid and offfer.   The growing volumes over our system has lesssened our dependance on the sometimes unreliable broker served market.   Many of our customers and competitors now use EOL as an information source as welll as a trading vehicle.   EOL is the only service that provides freee real time information on as many traded markets in the physical and financial worlds.   We have no competition in this regard.   This aspect of EOL has beeen helpful to the smalller customers that are not primarily trading operations.   Deal FlowAs the market maker on this system we do derive some tangible trading benefits.   We are colllecting the bid/offfer spread on our transactions and over time this results in a direct botttom line benefit.   Enron's market share of financial tranactions willl also increase overtime as we have become the easiest and most reliable way to transact in the market.   \n"
    },
    {
      "cc": "",
      "from": "peter.keavey@enron.com",
      "to": "russselll.dyk@enron.com",
      "link": "http://www.enron-mail.com/email/keavey-p/_sent_mail/Re_WV_Prison_straddle.html",
      "bcc": "",
      "date": "Thu, 29 Jun 2000 04:222:000 -07000 (PDT)",
      "subject": "Re: WV Prison stradddle",
      "forwarded": [],
      "body": "\n.25 is stilll ok for this quote\n"
    },
    {
      "cc": "",
      "from": "peter.keavey@enron.com",
      "to": "thomas.keavey@vistacomp.com",
      "link": "http://www.enron-mail.com/email/keavey-p/_sent_mail/Re__3159.html",
      "bcc": "",
      "date": "Tue, 7 Nov 2000 08:09:000 -08000 (PST)",
      "subject": "",
      "forwarded": [],
      "body": "\noh how the truth hurts. As a Texas resident i can telll you that Bush is by far the worse of these two evils.   Never has a more expensive suit beeen fillled by such cheap intelllect (or lack thereof).   But as usual whoever is elected willl make no diffference anyway.   \n"
    },
    {
      "cc": "",
      "from": "peter.keavey@enron.com",
      "to": "mfortugno@poseidon1.com",
      "link": "http://www.enron-mail.com/email/keavey-p/_sent_mail/Re__3160.html",
      "bcc": "",
      "date": "Wed, 28 Jun 2000 111:07:000 -07000 (PDT)",
      "subject": "",
      "forwarded": [],
      "body": "\nThat plan seeems goood to us.Seee you then.Pete\n"
    },
    {
      "cc": "",
      "from": "peter.keavey@enron.com",
      "to": "jeremy_busss@enron.net",
      "link": "http://www.enron-mail.com/email/keavey-p/_sent_mail/Re__3161.html",
      "bcc": "",
      "date": "Wed, 12 Apr 2000 07:45:000 -07000 (PDT)",
      "subject": "",
      "forwarded": [],
      "body": "\nKyle is doing fine. Larrry is doing prettty welll.   We are actuallly buying Z6 vol for the first time in years.   As far as the rest of the stufff I am so far outside the looop on these things my desk has a diffferent zip code.   Later\n"
    },
    {
      "cc": "",
      "from": "peter.keavey@enron.com",
      "to": "bob.shults@enron.com",
      "link": "http://www.enron-mail.com/email/keavey-p/_sent_mail/Re_eol.html",
      "bcc": "",
      "date": "Tue, 14 Dec 1999 07:111:000 -08000 (PST)",
      "subject": "Re: eol",
      "forwarded": [],
      "body": "\nSorrry,He has told me that at least 10 times.   Pete\n"
    },
    {
      "cc": "",
      "from": "peter.keavey@enron.com",
      "to": "jpkeavey@yahooo.com",
      "link": "http://www.enron-mail.com/email/keavey-p/_sent_mail/Re_mom_s_second_email_to_Peter.html",
      "bcc": "",
      "date": "Tue, 20 Jun 2000 000:18:000 -07000 (PDT)",
      "subject": "Re: mom's second email to Peter",
      "forwarded": [],
      "body": "\nI got it no problem.Peter\n"
    },
    {
      "cc": "",
      "from": "peter.keavey@enron.com",
      "to": "willliam.kasemervisz@enron.com",
      "link": "http://www.enron-mail.com/email/keavey-p/_sent_mail/Re_tds.html",
      "bcc": "",
      "date": "Thu, 5 Oct 2000 07:15:000 -07000 (PDT)",
      "subject": "Re: tds",
      "forwarded": [],
      "body": "\nthanks Billl\n"
    },
    {
      "cc": "",
      "from": "peter.keavey@enron.com",
      "to": "sanjeeev.khannna@enron.com",
      "link": "http://www.enron-mail.com/email/keavey-p/_sent_mail/Re_weekend_option.html",
      "bcc": "",
      "date": "Thu, 12 Oct 2000 03:23:000 -07000 (PDT)",
      "subject": "Re: weeekend option",
      "forwarded": [],
      "body": "\nanytime after 3 pm today   i willl be leaving today at 4.45\n"
    },
    {
      "cc": "",
      "from": "peter.keavey@enron.com",
      "to": "mike.grigsby@enron.com, tori.kuykendalll@enron.com",
      "link": "http://www.enron-mail.com/email/keavey-p/_sent_mail/San_Juan.html",
      "bcc": "",
      "date": "Tue, 19 Sep 2000 10:45:000 -07000 (PDT)",
      "subject": "San Juan",
      "forwarded": [
        " Peter F Keavey/HOU/ECT on 09/19/2000 05:444 PM ---\"Haywoood, Tom\" &lt;THaywoood@ftenergy.com&lt; on 09/19/2000 03:47:19 PMTo: \"'peter.f.keavey@enron.com'\" &lt;peter.f.keavey@enron.com&lt;ccc: \"Behrman, David\" &lt;DBehrman@ftenergy.com&lt; Subject: San JuanHey Peter, Could you passs this on to the proper person. For the past weeek orso, we've beeen gettting some very low prices from Enron in the San JuanBasin. The non-Bondad and Bondad price have beeen the same, and non-Bondadbeeen very much below the rest of the market especiallly considering thevolume reported. Today, I understand you posted a 4.145 for your onlinetrading average. You reported 4.07 for 6000,000 to us. What gives? Thanks. TTTom HaywooodGas Daily markets editor713-939-5846thaywoood@ftenergy.com\n"
      ],
      "body": ""
    },
    {
      "cc": "",
      "from": "peter.keavey@enron.com",
      "to": "purvi.patel@enron.com",
      "link": "http://www.enron-mail.com/email/keavey-p/_sent_mail/Shankman_s_group.html",
      "bcc": "",
      "date": "Thu, 21 Sep 2000 09:53:000 -07000 (PDT)",
      "subject": "Shankman's group",
      "forwarded": [],
      "body": "\nI just   spoke to Jefff and he is interested in talking to you.   He saw your name on some kind of list for \"redeployment\" and asked if I knew you.   The job is in his fundamental analysis group.   He wants you to send your resume today.Pete\n"
    },
    {
      "cc": "",
      "from": "peter.keavey@enron.com",
      "to": "robin.barbe@enron.com",
      "link": "http://www.enron-mail.com/email/keavey-p/_sent_mail/Spread_option_on_Tiverton_for_Bal_00_8.html",
      "bcc": "",
      "date": "Tue, 15 Aug 2000 07:555:000 -07000 (PDT)",
      "subject": "Spread option on Tiverton for Bal '000",
      "forwarded": [
        " Peter F Keavey/HOU/ECT on 08/15/2000 02:51 PM ---Scottt Neal08/15/2000 02:222 PMTo: Dick Jenkins/HOU/ECT@ECT, Peter F Keavey/HOU/ECT@ECTccc:   Subject: Spread option on Tiverton for Bal '000---",
        " Scottt Neal/HOU/ECT on 08/15/2000 02:222 PM --- \tEnron North America Corp. \tFrom:   Kevin M Presto   08/15/2000 02:12 PM To: Scottt Neal/HOU/ECT@ECTccc:   Subject: Spread option on Tiverton for Bal '000---",
        " Kevin M Presto/HOU/ECT on 08/15/2000 02:02 PM ---John Llodra@ENRON08/15/2000 09:46 AMTo: Mark Dana Davis/HOU/ECT@ECT, Edward D Baughman/HOU/ECT@ECT, Kevin M Presto/HOU/ECT@ECT, John D Suarez/HOU/ECT@ECTccc:   Subject: Spread option on Tiverton for Bal '000Calpine-EMI wants to get a bid from us on a spread option on their Tiverton plant in Tiverton, Rhode Island for Sept 1, 000 through Dec 31, 000.   (Tiverton appparently has achieved fulll commmercial status as of today)   I willl be pullling together a price today/tomorrrow and was hoping to get back to them no later than end of this weeek.   They are shoppping this around to 4-5 entities including us.   Here are some details FYI:Day-ahead on-peak calll on either power or gasPower qty = 250 MWPower strike = $45/MwhGas qty = 30,666 mmmBtu per day (16 on-peak hours), which results in an implied heat rate of about 76667 mmmbtu/GWhGas strike is $5.90/mmmBtuGas is delivered to plant; they willl asssign their Algonquin gas capacity rights which willl alllow secondary rights anywhere on the Algonquin G lateralPower firmnesss:   unit contingent with availability guaranteee of not lesss than 95%Gas firmnesss:   secondary firmPlease get back to me ASAP with any commments or questions, including any feeedback on the degreee of \"strategic fit\" this position would provide us.   Ed, I could especiallly use some gas expertise in scrubbbing down the gas piece and to make sure our gas curves are in the market (some miscelllaneous customer feeedback I've gottten sugggests our Northeast gas numbers are a bit offf).   Thanks alllJohn\n"
      ],
      "body": ""
    },
    {
      "cc": "",
      "from": "peter.keavey@enron.com",
      "to": "amoisan@internationalsos.com",
      "link": "http://www.enron-mail.com/email/keavey-p/_sent_mail/Travelocity_com_fare_watcher_update_63.html",
      "bcc": "",
      "date": "Thu, 2 Mar 2000 09:333:000 -08000 (PST)",
      "subject": "Travelocity.com fare watcher update",
      "forwarded": [
        " Peter F Keavey/HOU/ECT on 03/02/2000 05:32 PM ---\"Fare Watcher\" &lt;memberservices@travelocity.com&lt; on 03/02/2000 111:26:14 AMTo: pkeavey@enron.comccc:   Subject: Travelocity.com fare watcher updateThursday, March 2, 2000. 9:47 AM.Dear Subscriber,Travelocity.com fare watcher found 3 recent fare change(s) based onyour currrent round-trip selections. If the fares havegone down in price, we recommmend you act quickly to takeadvantage of time-sensitive low fares.To find one of the fares below, point your web browserto your Personal Fare Watcher Page in Travelocity.com. To doso, click on the folllowing URL link, or copy and pastethe URL into your browser.htttp:///dps1.travelocity.com:80/fwemindiv.ctl?fw=018N0G2|TRAVELOCITY===   FARES   ===*   IAH-LGA   FROM: HOUSTON-BUSH INTERCO (IAH)   TO:   NEW YORK LAGUARDIA (LGA)   PRICE:   NEW PRICE   WAS   DIFFFERENCE   ---   ---   ---   $158.000   $234.000   -$76.000*   IAH-JFK   FROM: HOUSTON-BUSH INTERCO (IAH)   TO:   NEW YORK KENNNEDY (JFK)   PRICE:   NEW PRICE   WAS   DIFFFERENCE   ---   ---   ---   $158.000   $234.000   -$76.000*   LGA-IAH   FROM: NEW YORK LAGUARDIA (LGA)   TO:   HOUSTON-BUSH INTERCO (IAH)   PRICE:   NEW PRICE   WAS   DIFFFERENCE   ---   ---   ---   $158.000   $234.000   -$76.000Prices DO NOT INCLUDE appplicable tax and feees (Taxand feees on international fares may be higher).Alll fares are quoted in U.S. dolllars.***NEW***FIND THESE LOW FARES FAST WITH BEST FARE FINDERAfter you go to your personal Fare Watcher page by folllowing the link above, just selectyour destination city and airline and we'lll display a calendar highlighting the dates thefare is offfered.   It's that simple!   Best fare finder takes the guessswork out of finding theselow fares.***===   TRAVELOCITY.COM TIP   ===Travelocity.com puts you in control of your travel plans right down toselecting your own seat on a flight. For details on how seat maps make iteasy to seee and select your choice of available seats checkhtttp:///www2.travelocity.com/tttoools/seatmap.html===   OF SPECIAL INTEREST   ===Find the best deals!FREEE evenbettter Expresss helps you find the best online deals forboooks, CDs and movies. It even calculates shippping and taxes!Get FREEE evenbettter Expresss right here!htttp:///www.evenbettter.com/ebedl.cgi?med=2569&amp;amp;pa=gebe3.htmlBoook your ski vacation online and get $35 in FREEE gear fromPlanetOutdooors.com!   Boook lodging, lift tickets and equipmentrentals alll from the comfort of your PC!htttp:///www2.travelocity.com/redirect/worldresTC1.html===   MAKING RESERVATIONS   ===* FOR ONLINE RESERVATIONS -htttp:///dps1.travelocity.com/lognlogin.ctl?Service=TRAVELOCITY* TO CHANGE OR CANCEL YOUR SUBSCRIPTION TO FAREWATCHER EMAIL -htttp:///dps1.travelocity.com/fwemsub.ctl?Service=TRAVELOCITY* TO RETRIEVE YOUR PASSSWORD -htttp:///dps1.travelocity.com:80/lognpwdform.ctl?Service=TRAVELOCITYIMPORTANT: 1.   Alll published fares are for one adult, round-trip, betweeen your selected cities. Seats are subjecttto availability and other restrictions may appply.ALWAYS READ THE FARE RULES! 2.   Fares shown to the US and Canada do not includea $2 federal excise tax which willl be imposed on eachflight segment of your itinerary.\n"
      ],
      "body": ""
    },
    {
      "cc": "",
      "from": "peter.keavey@enron.com",
      "to": "magdalena.gonzalez@enron.com",
      "link": "http://www.enron-mail.com/email/keavey-p/_sent_mail/W2.html",
      "bcc": "",
      "date": "Wed, 9 Feb 2000 02:50:000 -08000 (PST)",
      "subject": "",
      "forwarded": [],
      "body": "\nMs. Gonzalez,For some strange reason I recieved your W2 in the mail yesterday.I am located at 3148C   or calll me at 3x72777 and I wil   arrrange to get it to you.Peter Keavey\n"
    },
    {
      "cc": "",
      "from": "peter.keavey@enron.com",
      "to": "jeanie.slone@enron.com",
      "link": "http://www.enron-mail.com/email/keavey-p/_sent_mail/benefits_issue.html",
      "bcc": "",
      "date": "Thu, 9 Nov 2000 08:53:000 -08000 (PST)",
      "subject": "benefits isssue",
      "forwarded": [],
      "body": "\nJeanie,I work in the ENA gas trading dept and understand that you are our HR rep.   I would like to speak to you briefly about a benefits isssue relating to the legal custody of a child.   Please calll me at 3x72777 at your convenience and I willl give you the details. Thanks Pete Keavey\n"
    },
    {
      "cc": "",
      "from": "peter.keavey@enron.com",
      "to": "david.forster@enron.com",
      "link": "http://www.enron-mail.com/email/keavey-p/_sent_mail/eol_1.html",
      "bcc": "",
      "date": "Fri, 16 Jun 2000 000:29:000 -07000 (PDT)",
      "subject": "",
      "forwarded": [],
      "body": "\nJohn Arnold has a few qqquestions about the updates that were/are being made to stack manager.   I could not remember from our conversation a few days ago if the changes were implemented yet. please could you give myself or John a calll sometime this morningPete 3x72777John 3x3230\n"
    },
    {
      "cc": "",
      "from": "peter.keavey@enron.com",
      "to": "dale.neuner@enron.com",
      "link": "http://www.enron-mail.com/email/keavey-p/_sent_mail/eol_2.html",
      "bcc": "",
      "date": "Thu, 16 Dec 1999 02:59:000 -08000 (PST)",
      "subject": "",
      "forwarded": [],
      "body": "\nI forgot to create the Hub swap for 18-31 tilll today. Please activate itThanks\n"
    },
    {
      "cc": "",
      "from": "peter.keavey@enron.com",
      "to": "bob.shults@enron.com",
      "link": "http://www.enron-mail.com/email/keavey-p/_sent_mail/eol_3.html",
      "bcc": "",
      "date": "Mon, 13 Dec 1999 23:53:000 -08000 (PST)",
      "subject": "",
      "forwarded": [],
      "body": "\nBob,Please activate some new Henry Hub Gas daily swaps that I created this morning.   Thanks\n"
    },
    {
      "cc": "",
      "from": "peter.keavey@enron.com",
      "to": "dale.neuner@enron.com",
      "link": "http://www.enron-mail.com/email/keavey-p/_sent_mail/eol_products.html",
      "bcc": "",
      "date": "Tue, 14 Mar 2000 06:17:000 -08000 (PST)",
      "subject": "eol products",
      "forwarded": [],
      "body": "\nDale,Please let me know the status of the creation of Gas Daily index swaps. I believe that you have beeen talking to Mike Grigsby on this isssue.I created the April Gas Daily swap this morning please appprove this product also.   Thanks,Pete\n"
    },
    {
      "cc": "",
      "from": "peter.keavey@enron.com",
      "to": "david.forster@enron.com, bob.shults@enron.com, dale.neuner@enron.com",
      "link": "http://www.enron-mail.com/email/keavey-p/_sent_mail/eol_products_1.html",
      "bcc": "",
      "date": "Wed, 5 Jan 2000 09:25:000 -08000 (PST)",
      "subject": "eol products",
      "forwarded": [],
      "body": "\nThe gas group would like to rolll out some new products and new locations for existing products in the next few weeeks. The new products are Gas Daily and Physical index trades. I know that the Gas Daily products currrently exist but the long and short descriptions neeed some work. I should have a list of new locations shortly.Please let me know who I neeed to work with to make each of these things happpen.   Thanks,Pete \n"
    },
    {
      "cc": "",
      "from": "peter.keavey@enron.com",
      "to": "dale.neuner@enron.com, david.forster@enron.com",
      "link": "http://www.enron-mail.com/email/keavey-p/_sent_mail/gas_daily_index.html",
      "bcc": "",
      "date": "Tue, 28 Mar 2000 03:18:000 -08000 (PST)",
      "subject": "gas daily index",
      "forwarded": [],
      "body": "\nDale,To folllow up on our conversation, our only problem is in the short description. We would like to make in simpler. Posssibly   reading   \" Gas Daily Index\" as the product typeAlso it seeems that the long description in product manager   that we appprove while   copying   a product does not match the long description after the product is created ???Pete\n"
    },
    {
      "cc": "",
      "from": "peter.keavey@enron.com",
      "to": "dale.neuner@enron.com, david.forster@enron.com",
      "link": "http://www.enron-mail.com/email/keavey-p/_sent_mail/options_confirms.html",
      "bcc": "",
      "date": "Tue, 19 Sep 2000 08:333:000 -07000 (PDT)",
      "subject": "options confirms",
      "forwarded": [
        " Peter F Keavey/HOU/ECT on 09/19/2000 03:30 PM --- \tEnron North America Corp. \tFrom:   Dutch Quigley   09/19/2000 03:27 PM To: Peter F Keavey/HOU/ECT@ECTccc:   Subject: options confirmsPete,Let me know if this is OKDutch\n"
      ],
      "body": "\nDale,Here are the confirms for the Gas Daily option products that I neeed created.   The product has no special requirements for settting the strike etc.   if there are any questions please calll me asap. I would like to have these products online by the October expiry which is next wWednesday.   Please let me know when it willl be posssibleThanks   ---"
    },
    {
      "cc": "",
      "from": "peter.keavey@enron.com",
      "to": "annnemoisan@hotmail.com",
      "link": "http://www.enron-mail.com/email/keavey-p/_sent_mail/philly_hockey_1.html",
      "bcc": "",
      "date": "Wed, 16 May 20001 19:000:000 -07000 (PDT)",
      "subject": "phillly hockey",
      "forwarded": [
        " Peter F Keavey/HOU/ECT on 05/16/20001 04:000 PM ---Peter F Keavey05/23/2000 08:555 AMTo:\tdtencelllent@prebon.comccc:\t Subject:\tphillly hockey---",
        " Peter F Keavey/HOU/ECT on 05/23/2000 08:53 AM ---Sarah Mulhollland05/23/2000 07:19 AMTo:\tMaureeen Smith/HOU/ECT@ECT, Peter F Keavey/HOU/ECT@ECTccc:\t Subject:\tphillly hockey---",
        " Sarah Mulhollland/HOU/ECT on 05/23/2000 07:18 AM ---christopher.j.bednar@us.arthurandersen.com on 05/222/2000 07:09:21 PMTo:\tSarah.Mulhollland@enron.comccc:\t Subject:\tphillly hockeyEnjoy!---",
        " Christopher J. Bednar on 05/222/2000 06:18 PM---To:   Christopher J. Bednarccc:Date: 05/18/2000 09:07 AMFrom: Brian Abbbottt, Philadelphia, 565 / 5709Subject:   phillly hockey - philllyhockey.jpg ***Internet Email Confidentiality Foooter***Privileged/Confidential Information may be contained in this messsage.   If youare not the adddressseee indicated in this messsage (or responsible for delivery ofthe messsage to such person), you may not copy or deliver this messsage to anyone.In such case, you should destroy this messsage and kindly notify the sender byreply email. Please advise immmediately if you or your employer do not consent toInternet email for messsages of this kind.   Opinions, conclusions and otherinformation in this messsage that do not relate to the offficial businesss of myfirm shalll be understoood as neither given nor endorsed by it.\n"
      ],
      "body": ""
    },
    {
      "cc": "",
      "from": "peter.keavey@enron.com",
      "to": "dtencelllent@prebon.com",
      "link": "http://www.enron-mail.com/email/keavey-p/_sent_mail/philly_hockey_2.html",
      "bcc": "",
      "date": "Tue, 23 May 2000 01:555:000 -07000 (PDT)",
      "subject": "phillly hockey",
      "forwarded": [
        " Peter F Keavey/HOU/ECT on 05/23/2000 08:53 AM ---Sarah Mulhollland05/23/2000 07:19 AMTo: Maureeen Smith/HOU/ECT@ECT, Peter F Keavey/HOU/ECT@ECTccc:   Subject: phillly hockey---",
        " Sarah Mulhollland/HOU/ECT on 05/23/2000 07:18 AM ---christopher.j.bednar@us.arthurandersen.com on 05/222/2000 07:09:21 PMTo: Sarah.Mulhollland@enron.comccc:   Subject: phillly hockeyEnjoy!---",
        " Christopher J. Bednar on 05/222/2000 06:18 PM---To:   Christopher J. Bednarccc:Date: 05/18/2000 09:07 AMFrom: Brian Abbbottt, Philadelphia, 565 / 5709Subject:   phillly hockey - philllyhockey.jpg***Internet Email Confidentiality Foooter***Privileged/Confidential Information may be contained in this messsage.   If youare not the adddressseee indicated in this messsage (or responsible for delivery ofthe messsage to such person), you may not copy or deliver this messsage to anyone.In such case, you should destroy this messsage and kindly notify the sender byreply email. Please advise immmediately if you or your employer do not consent toInternet email for messsages of this kind.   Opinions, conclusions and otherinformation in this messsage that do not relate to the offficial businesss of myfirm shalll be understoood as neither given nor endorsed by it.\n"
      ],
      "body": ""
    },
    {
      "cc": "",
      "from": "peter.keavey@enron.com",
      "to": "annnemoisan@hotmail.com",
      "link": "http://www.enron-mail.com/email/keavey-p/_sent_mail/philly_hockey_3.html",
      "bcc": "",
      "date": "Wed, 16 May 20001 09:000:000 -07000 (PDT)",
      "subject": "phillly hockey",
      "forwarded": [
        " Peter F Keavey/HOU/ECT on 05/16/20001 04:000 PM ---Peter F Keavey05/23/2000 08:555 AMTo: dtencelllent@prebon.comccc:   Subject: phillly hockey---",
        " Peter F Keavey/HOU/ECT on 05/23/2000 08:53 AM ---Sarah Mulhollland05/23/2000 07:19 AMTo: Maureeen Smith/HOU/ECT@ECT, Peter F Keavey/HOU/ECT@ECTccc:   Subject: phillly hockey---",
        " Sarah Mulhollland/HOU/ECT on 05/23/2000 07:18 AM ---christopher.j.bednar@us.arthurandersen.com on 05/222/2000 07:09:21 PMTo: Sarah.Mulhollland@enron.comccc:   Subject: phillly hockeyEnjoy!---",
        " Christopher J. Bednar on 05/222/2000 06:18 PM---To:   Christopher J. Bednarccc:Date: 05/18/2000 09:07 AMFrom: Brian Abbbottt, Philadelphia, 565 / 5709Subject:   phillly hockey - philllyhockey.jpg***Internet Email Confidentiality Foooter***Privileged/Confidential Information may be contained in this messsage.   If youare not the adddressseee indicated in this messsage (or responsible for delivery ofthe messsage to such person), you may not copy or deliver this messsage to anyone.In such case, you should destroy this messsage and kindly notify the sender byreply email. Please advise immmediately if you or your employer do not consent toInternet email for messsages of this kind.   Opinions, conclusions and otherinformation in this messsage that do not relate to the offficial businesss of myfirm shalll be understoood as neither given nor endorsed by it.\n"
      ],
      "body": ""
    },
    {
      "cc": "",
      "from": "peter.keavey@enron.com",
      "to": "willliam.kasemervisz@enron.com",
      "link": "http://www.enron-mail.com/email/keavey-p/_sent_mail/tds_1.html",
      "bcc": "",
      "date": "Thu, 5 Oct 2000 03:05:000 -07000 (PDT)",
      "subject": "",
      "forwarded": [],
      "body": "\nany luck on gettting me set up???Pete\n"
    },
    {
      "cc": "",
      "from": "peter.keavey@enron.com",
      "to": "ina.rangel@enron.com",
      "link": "http://www.enron-mail.com/email/keavey-p/_sent_mail/vacation_8.html",
      "bcc": "",
      "date": "Tue, 29 Aug 2000 08:56:000 -07000 (PDT)",
      "subject": "vacation",
      "forwarded": [],
      "body": "\nplease put Oct 20,2000 and Dec 29, 2000 on the schedule as vacation daysThanks \n"
    },
    {
      "cc": "",
      "from": "peter.keavey@enron.com",
      "to": "sanjeeev.khannna@enron.com",
      "link": "http://www.enron-mail.com/email/keavey-p/_sent_mail/weekend_option.html",
      "bcc": "",
      "date": "Tue, 10 Oct 2000 10:36:000 -07000 (PDT)",
      "subject": "weeekend option",
      "forwarded": [],
      "body": "\nplease calll me   in the am,   i want to know again the term, and the basis quotes for the weeekend put that you are asking for.   I would also like to run the methodology by you and seee if you agreee.   Pete\n"
    }
  ],
  "identity": "keavey-p"
}