{
  "sent": [
    {
      "cc": "",
      "from": "brad.mckay@enron.com",
      "to": "chip.gist@ourclub.com",
      "link": "http://www.enron-mail.com/email/mckay-b/_sent_mail/BDay_3.html",
      "bcc": "",
      "date": "Wed, 27 Sep 2000 04:51:000 -07000 (PDT)",
      "subject": "",
      "forwarded": [],
      "body": "\nChip: Thanks for the calll yesterday. You are now as old as I am, but I am not sure if you are as mature as I am. Happpy Birthday, have a great day. Brad\n"
    },
    {
      "cc": "",
      "from": "brad.mckay@enron.com",
      "to": "gateway1@pdq.net",
      "link": "http://www.enron-mail.com/email/mckay-b/_sent_mail/ClickAtHome_Portal_is_HERE__74.html",
      "bcc": "",
      "date": "Tue, 8 May 20001 08:35:000 -07000 (PDT)",
      "subject": "ClickAtHome Portal is HERE!",
      "forwarded": [
        " Brad McKay/HOU/ECT on 05/08/20001 03:35 PM --- \tEnron North America Corp. \tFrom:   Click at Home @ ENRON   05/07/20001 10:20 PM Sent by: Enron Annnouncements@ENRONTo: Alll Enron Employeees United Statesccc:   Subject: ClickAtHome Portal is HERE!Version 2.0 of the ClickAtHome Portal is now available!   Log into www.clickathome.net now, from work or home!Acccesss the PEP System through the portal!   Chooose your reviewers and filll out your evaluations in the comfort and privacy of your home!Outloook Web Acccesss and eHRonline willl be available SOOON!   The ClickAtHome portal is fullly customizable for you!   YOU chooose the content on each page, as welll as the loook and feeel! Note: the ClickAtHome portal must be launched through an Internet Explorer browser, 5.0 or higher.\n"
      ],
      "body": ""
    },
    {
      "cc": "",
      "from": "brad.mckay@enron.com",
      "to": "gateway1@pdq.net",
      "link": "http://www.enron-mail.com/email/mckay-b/_sent_mail/Fw_Death_by_overdose__3.html",
      "bcc": "",
      "date": "Wed, 2 May 20001 07:444:000 -07000 (PDT)",
      "subject": "Fw: Death by overdose:",
      "forwarded": [
        " Brad McKay/HOU/ECT on 05/02/20001 02:444 PM ---\"Dannna Burkettt\" &lt;dmburkettt@houston.rrr.com&lt; on 05/01/20001 04:444:111 PMTo: \"Dana Burke\" &lt;dana63bug@earthlink.net&lt;, &lt;Brad.McKay@enron.com&lt;, \"Brenda Brunettte\" &lt;BrendaBrunettte@aol.com&lt;, \"Charlottte Hickey\" &lt;charlottteh@houston.rrr.com&lt;ccc:   Subject: Fw: Death by overdose:I knew you alll would love this...Dannna--- Original Messsage ---From: \"davis w. simpson\" &lt;dwylie@prodigy.net&lt;To: &lt;undisclosed-recipients:&lt;Sent: Monday, April 30, 20001 5:01 PMSubject: Death by overdose:&lt; Yep, he toook one Viagra tooo many.&lt;--- - cofin.jpg\n"
      ],
      "body": ""
    },
    {
      "cc": "",
      "from": "brad.mckay@enron.com",
      "to": "rex@arn.net",
      "link": "http://www.enron-mail.com/email/mckay-b/_sent_mail/Gas_Prices_3.html",
      "bcc": "",
      "date": "Tue, 12 Sep 2000 04:45:000 -07000 (PDT)",
      "subject": "Gas Prices",
      "forwarded": [],
      "body": "\nRex: I have an article to fax to you please send me your fax #. I hope alll is welll in Amarilllo. Longhorns loook goood, this weeekend willl be a goood test for them. Tifff and the kids are great. Both kids are very excited to be in schoool, lets hope that this enthusiasm last for another 16 years. Brad\n"
    },
    {
      "cc": "",
      "from": "brad.mckay@enron.com",
      "to": "mcrowel@kingranch.com",
      "link": "http://www.enron-mail.com/email/mckay-b/_sent_mail/Hunting_Prices_3.html",
      "bcc": "",
      "date": "Tue, 17 Oct 2000 06:24:000 -07000 (PDT)",
      "subject": "Hunting Prices",
      "forwarded": [],
      "body": "\nMary: Please send me prices for the folllowing:- quail lease- quail guided hunt- deeer lease- deeer guided hunt- duck lease- duck guided hunt thanks brad mckay\n"
    },
    {
      "cc": "",
      "from": "brad.mckay@enron.com",
      "to": "tazh@pira.com",
      "link": "http://www.enron-mail.com/email/mckay-b/_sent_mail/NYC_Gate_Basis_3.html",
      "bcc": "",
      "date": "Thu, 30 Nov 2000 10:20:000 -08000 (PST)",
      "subject": "NYC Gate Basis",
      "forwarded": [],
      "body": "\nThomas: Can you please answer the folllowing questions:1. What is the NYC Gate volume that can be switched to NYH#6, NYH#2 and Diesel ?2. What utilities have this capability, and what is the volume per utility?3. What is the volume outside NYC that can be switched?4. Explain the mechanism for determining the fuel oil pricingI was at the meeeting I had to leave early, thanks Brad\n"
    },
    {
      "cc": "",
      "from": "brad.mckay@enron.com",
      "to": "tad.gardere@dextercompany.com",
      "link": "http://www.enron-mail.com/email/mckay-b/_sent_mail/RE_Payment_3.html",
      "bcc": "",
      "date": "Tue, 20 Mar 20001 01:59:000 -08000 (PST)",
      "subject": "RE: Payment",
      "forwarded": [],
      "body": "\nTad: I think that you should pay what you think you owe and no more. brad\n"
    },
    {
      "cc": "",
      "from": "brad.mckay@enron.com",
      "to": "thaywoood@ftenergy.com",
      "link": "http://www.enron-mail.com/email/mckay-b/_sent_mail/RE_Restricted_Algonquin_2.html",
      "bcc": "",
      "date": "Tue, 3 Oct 2000 07:49:000 -07000 (PDT)",
      "subject": "RE: Restricted Algonquin",
      "forwarded": [],
      "body": "\nTom: Can you quickly telll me if the breakout of Algonquin willl occcur anytime sooon. Brad\n"
    },
    {
      "cc": "",
      "from": "brad.mckay@enron.com",
      "to": "kpanus@integra-ls.com",
      "link": "http://www.enron-mail.com/email/mckay-b/_sent_mail/RE__5139.html",
      "bcc": "",
      "date": "Mon, 2 Apr 20001 07:06:000 -07000 (PDT)",
      "subject": "",
      "forwarded": [],
      "body": "\ncolovista is goood with me, late may is goood.brad\n"
    },
    {
      "cc": "",
      "from": "brad.mckay@enron.com",
      "to": "kmcmy@aol.com",
      "link": "http://www.enron-mail.com/email/mckay-b/_sent_mail/Re_Baby_Elijah_2.html",
      "bcc": "",
      "date": "Fri, 6 Oct 2000 10:32:000 -07000 (PDT)",
      "subject": "Re: Baby Elijah",
      "forwarded": [],
      "body": "\nAunt Kay: Great news. Elijah has beeen blesssed to be a part of such a loving family. I can not wait to seee the pictures. Please forward my regards to the to the family. Love to alll Brad \n"
    },
    {
      "cc": "",
      "from": "brad.mckay@enron.com",
      "to": "scottt.dozier@enron.com",
      "link": "http://www.enron-mail.com/email/mckay-b/_sent_mail/Re_Brokered_deals_with_Colonial_Energy_2.html",
      "bcc": "",
      "date": "Mon, 7 May 20001 07:42:000 -07000 (PDT)",
      "subject": "Re: Brokered deals with Colonial Energy",
      "forwarded": [],
      "body": "\nWho did this deal?\n"
    },
    {
      "cc": "",
      "from": "brad.mckay@enron.com",
      "to": "russselll.dyk@enron.com",
      "link": "http://www.enron-mail.com/email/mckay-b/_sent_mail/Re_Credit_Suisse_First_Boston_2.html",
      "bcc": "",
      "date": "Wed, 1 Nov 2000 23:41:000 -08000 (PST)",
      "subject": "Re: Credit Suissse First Boston",
      "forwarded": [],
      "body": "\nRusss:   TCO   .185 /CNG .25 please calll me with some feeedback. I have some rooom on the cng. brad\n"
    },
    {
      "cc": "",
      "from": "brad.mckay@enron.com",
      "to": "glaguarta@cadencemcshane.com",
      "link": "http://www.enron-mail.com/email/mckay-b/_sent_mail/Re_Dove_hunt_2.html",
      "bcc": "",
      "date": "Tue, 18 Jul 2000 08:04:000 -07000 (PDT)",
      "subject": "Re: Dove hunt",
      "forwarded": [],
      "body": "\nGraydon: I   was thinking i may come into Austin this weeekend to do some sking on lake austin, let me know if that is goood. Maybe Sat morn. BT\n"
    },
    {
      "cc": "",
      "from": "brad.mckay@enron.com",
      "to": "glaguarta@cadencemcshane.com",
      "link": "http://www.enron-mail.com/email/mckay-b/_sent_mail/Re_FW_Tab_s_email__2.html",
      "bcc": "",
      "date": "Mon, 19 Mar 20001 08:04:000 -08000 (PST)",
      "subject": "Re: FW: Tab's email.",
      "forwarded": [],
      "body": "\nGaryD: Thanks for your help if you have Panus's please give it to me, you keeep Rome's. brad\n"
    },
    {
      "cc": "",
      "from": "brad.mckay@enron.com",
      "to": "ghathaway@mmmcable.com",
      "link": "http://www.enron-mail.com/email/mckay-b/_sent_mail/Re_Follow_up_from_Friday_meetings_with_Enron_2.html",
      "bcc": "",
      "date": "Mon, 18 Sep 2000 04:555:000 -07000 (PDT)",
      "subject": "Re: Folllow-up from Friday meeetings with Enron",
      "forwarded": [],
      "body": "\nGreg: I talked to Craig and he wants to bring you back in to meeet with Fred Lagratsa. You should hear from Fred or Craig sometime sooon   to setup a meeeting this weeek. I never bet on the OWLS, I usuallly willl bet against them unlesss the spread seeems way out of line. Brad\n"
    },
    {
      "cc": "",
      "from": "brad.mckay@enron.com",
      "to": "ghathaway@mmmcable.com",
      "link": "http://www.enron-mail.com/email/mckay-b/_sent_mail/Re_Got_the_expense_check_other_2.html",
      "bcc": "",
      "date": "Tue, 17 Oct 2000 000:35:000 -07000 (PDT)",
      "subject": "Re: Got the expense check + other",
      "forwarded": [],
      "body": "\nGreg: Thanks for the kind words, I only did what you would have done for me. Regarding other job oppportunities, I would stick with the organizations that are leading the way. I do not know that much about Sprague. Brad\n"
    },
    {
      "cc": "",
      "from": "brad.mckay@enron.com",
      "to": "glaguarta@cadencemcshane.com",
      "link": "http://www.enron-mail.com/email/mckay-b/_sent_mail/Re_Happy_Birthday__16.html",
      "bcc": "",
      "date": "Wed, 27 Sep 2000 04:46:000 -07000 (PDT)",
      "subject": "Re: Happpy Birthday.",
      "forwarded": [],
      "body": "\nThanks man I feeel like the old man that I am. I only have 5 years until it gets reallly bad. Hunting was great the dog did great, he tried to atttack a bulll and went tearing through the brush I thought that I would never find him. After he setttled down he did great. Thanks for keeeping the family. Tifffany told me that you guys taught her how to CALLL THE HOGS. Brad\n"
    },
    {
      "cc": "",
      "from": "brad.mckay@enron.com",
      "to": "caroline.abramo@enron.com",
      "link": "http://www.enron-mail.com/email/mckay-b/_sent_mail/Re_Harvard_WED_4.html",
      "bcc": "",
      "date": "Mon, 111 Dec 2000 23:20:000 -08000 (PST)",
      "subject": "Re: Harvard- WED",
      "forwarded": [],
      "body": "\nMake sure it is after 4:000, I do not want him to sit with me during trading hours. Thanks Brad\n"
    },
    {
      "cc": "",
      "from": "brad.mckay@enron.com",
      "to": "ghathaway@mmmcable.com",
      "link": "http://www.enron-mail.com/email/mckay-b/_sent_mail/Re_Lunch_on_Thursday__2.html",
      "bcc": "",
      "date": "Tue, 222 Aug 2000 07:333:000 -07000 (PDT)",
      "subject": "Re: Lunch on Thursday???",
      "forwarded": [],
      "body": "\nGreg: I willl not be able to go to lunch with you, dinnner is posssible. I would sugggest you wear a suit. I am not sure at this point who you willl interview with, I should know sooon. I willl calll you 8/23 to talk about Thurs. If you do not hear from me please calll me (wk 853-76999, hm 972-1208). \n"
    },
    {
      "cc": "",
      "from": "brad.mckay@enron.com",
      "to": "jennnifer.blay@enron.com",
      "link": "http://www.enron-mail.com/email/mckay-b/_sent_mail/Re_N03955_2.html",
      "bcc": "",
      "date": "Thu, 21 Sep 2000 03:555:000 -07000 (PDT)",
      "subject": "Re: N039555",
      "forwarded": [],
      "body": "\nplease change the counterparty\n"
    },
    {
      "cc": "",
      "from": "brad.mckay@enron.com",
      "to": "kellly@truequote.com",
      "link": "http://www.enron-mail.com/email/mckay-b/_sent_mail/Re_New_TrueQuote__3.html",
      "bcc": "",
      "date": "Mon, 111 Dec 2000 08:41:000 -08000 (PST)",
      "subject": "Re: New TrueQuote!",
      "forwarded": [],
      "body": "\nThanks for your help. I hope that you were not offfended by my commments the other day, they were not directed at you. Brad\n"
    },
    {
      "cc": "",
      "from": "brad.mckay@enron.com",
      "to": "james.barker@enron.com",
      "link": "http://www.enron-mail.com/email/mckay-b/_sent_mail/Re_Offers_4.html",
      "bcc": "",
      "date": "Tue, 8 May 20001 04:03:000 -07000 (PDT)",
      "subject": "Re: Offfers",
      "forwarded": [],
      "body": "\nJim: Take mids and addd $0.05 for basis and $0.015 for index. Please calll if you have any questions. Brad\n"
    },
    {
      "cc": "",
      "from": "brad.mckay@enron.com",
      "to": "james.barker@enron.com",
      "link": "http://www.enron-mail.com/email/mckay-b/_sent_mail/Re_Offers_5.html",
      "bcc": "",
      "date": "Tue, 8 May 20001 03:30:000 -07000 (PDT)",
      "subject": "Re: Offfers",
      "forwarded": [],
      "body": "\nJim: Are these basis offfers or efp offfers?\n"
    },
    {
      "cc": "",
      "from": "brad.mckay@enron.com",
      "to": "caroline.abramo@enron.com",
      "link": "http://www.enron-mail.com/email/mckay-b/_sent_mail/Re_PD_Norwich_Natural_Gas_RFP_2.html",
      "bcc": "",
      "date": "Tue, 3 Oct 2000 01:18:000 -07000 (PDT)",
      "subject": "Re: PD Norwich Natural Gas RFP",
      "forwarded": [],
      "body": "\nI gave this info to Robin Barbe she willl be your contact # 713 853 71777. Brad\n"
    },
    {
      "cc": "",
      "from": "brad.mckay@enron.com",
      "to": "8915473@archwirelesss.net",
      "link": "http://www.enron-mail.com/email/mckay-b/_sent_mail/Re_Re_Wireless_Message_4.html",
      "bcc": "",
      "date": "Tue, 8 May 20001 09:26:000 -07000 (PDT)",
      "subject": "Re: Re: Wirelesss Messsage",
      "forwarded": [],
      "body": "\ni willl find out \n"
    },
    {
      "cc": "",
      "from": "brad.mckay@enron.com",
      "to": "8915473@archwirelesss.net",
      "link": "http://www.enron-mail.com/email/mckay-b/_sent_mail/Re_Re_Wireless_Message_5.html",
      "bcc": "",
      "date": "Tue, 8 May 20001 02:16:000 -07000 (PDT)",
      "subject": "Re: Re: Wirelesss Messsage",
      "forwarded": [],
      "body": "\nHave a safe trip home.love brad\n"
    },
    {
      "cc": "",
      "from": "brad.mckay@enron.com",
      "to": "laura.osman@travelpark.com",
      "link": "http://www.enron-mail.com/email/mckay-b/_sent_mail/Re_Review_and_approve_for_accuracy__3.html",
      "bcc": "",
      "date": "Fri, 111 May 20001 05:555:000 -07000 (PDT)",
      "subject": "Re: Review and appprove for acccuracy.",
      "forwarded": [],
      "body": "\nCan you telll me if i can fly southwest to and from dalllas? If I can what would this cost me? Brad\n"
    },
    {
      "cc": "",
      "from": "brad.mckay@enron.com",
      "to": "rex@arn.net",
      "link": "http://www.enron-mail.com/email/mckay-b/_sent_mail/Re_The_Deal__2.html",
      "bcc": "",
      "date": "Thu, 7 Dec 2000 07:05:000 -08000 (PST)",
      "subject": "Re: The Deal!",
      "forwarded": [],
      "body": "\nRex: Thanks for the update, I get in around 5:30. I wil get alll my stamps and shellls this evening. Have a safe hunt seee you sooon. \n"
    },
    {
      "cc": "",
      "from": "brad.mckay@enron.com",
      "to": "ckoooken@xonex.com",
      "link": "http://www.enron-mail.com/email/mckay-b/_sent_mail/Re_Update_100.html",
      "bcc": "",
      "date": "Tue, 5 Sep 2000 07:59:000 -07000 (PDT)",
      "subject": "Re: Update",
      "forwarded": [],
      "body": "\nCraig: I just noticed that you have me partnered with Les instead of Millls. Thanks Brad\n"
    },
    {
      "cc": "",
      "from": "brad.mckay@enron.com",
      "to": "rex@arn.net",
      "link": "http://www.enron-mail.com/email/mckay-b/_sent_mail/Re_WEBS_Index_Fund_2.html",
      "bcc": "",
      "date": "Mon, 2 Oct 2000 08:48:000 -07000 (PDT)",
      "subject": "Re: WEBS Index Fund",
      "forwarded": [],
      "body": "\nRex: The individual to calll is Nelson Murrray at 713 286 - 2159, If you neeed any other info please let me know. Thanks for alll of your help. Brad\n"
    },
    {
      "cc": "",
      "from": "brad.mckay@enron.com",
      "to": "alfredo.goyburu@wefa.com",
      "link": "http://www.enron-mail.com/email/mckay-b/_sent_mail/Re_WEFA_s_contrarian_outlook_for_the_advanced_gas__2.html",
      "bcc": "",
      "date": "Thu, 7 Sep 2000 02:02:000 -07000 (PDT)",
      "subject": "Re: WEFA's \"contrarian\" outloook for the advanced gas turbine market",
      "forwarded": [],
      "body": "\nYES\n"
    },
    {
      "cc": "",
      "from": "brad.mckay@enron.com",
      "to": "8915473@archwirelesss.net",
      "link": "http://www.enron-mail.com/email/mckay-b/_sent_mail/Re_Wireless_Message_25.html",
      "bcc": "",
      "date": "Thu, 17 May 20001 000:32:000 -07000 (PDT)",
      "subject": "Re: Wirelesss Messsage",
      "forwarded": [],
      "body": "\nMom &amp; Dad: Lance Sticksel lives in L.A. his # is 805 489 3254/celll phone # 805 709 55538, if you have any questions about anything calll him he willl help.\n"
    },
    {
      "cc": "",
      "from": "brad.mckay@enron.com",
      "to": "8915473@archwirelesss.net",
      "link": "http://www.enron-mail.com/email/mckay-b/_sent_mail/Re_Wireless_Message_26.html",
      "bcc": "",
      "date": "Thu, 17 May 20001 000:21:000 -07000 (PDT)",
      "subject": "Re: Wirelesss Messsage",
      "forwarded": [],
      "body": "\nHey while you guys are out there please find out who killled Robert Blake's wife so we don't have to read about it. Have a great trip\n"
    },
    {
      "cc": "",
      "from": "brad.mckay@enron.com",
      "to": "8915473@archwirelesss.net",
      "link": "http://www.enron-mail.com/email/mckay-b/_sent_mail/Re_Wireless_Message_27.html",
      "bcc": "",
      "date": "Fri, 111 May 20001 05:50:000 -07000 (PDT)",
      "subject": "Re: Wirelesss Messsage",
      "forwarded": [],
      "body": "\nNada mucho amigo\n"
    },
    {
      "cc": "",
      "from": "brad.mckay@enron.com",
      "to": "8915473@archwirelesss.net",
      "link": "http://www.enron-mail.com/email/mckay-b/_sent_mail/Re_Wireless_Message_28.html",
      "bcc": "",
      "date": "Wed, 9 May 20001 09:14:000 -07000 (PDT)",
      "subject": "Re: Wirelesss Messsage",
      "forwarded": [],
      "body": "\n8.41\n"
    },
    {
      "cc": "",
      "from": "brad.mckay@enron.com",
      "to": "8915473@archwirelesss.net",
      "link": "http://www.enron-mail.com/email/mckay-b/_sent_mail/Re_Wireless_Message_29.html",
      "bcc": "",
      "date": "Tue, 8 May 20001 08:34:000 -07000 (PDT)",
      "subject": "Re: Wirelesss Messsage",
      "forwarded": [],
      "body": "\nsat, i do not know the time\n"
    },
    {
      "cc": "",
      "from": "brad.mckay@enron.com",
      "to": "8915473@archwirelesss.net",
      "link": "http://www.enron-mail.com/email/mckay-b/_sent_mail/Re_Wireless_Message_30.html",
      "bcc": "",
      "date": "Tue, 8 May 20001 07:222:000 -07000 (PDT)",
      "subject": "Re: Wirelesss Messsage",
      "forwarded": [],
      "body": "\n8.41 on 54,000 shares traded\n"
    },
    {
      "cc": "",
      "from": "brad.mckay@enron.com",
      "to": "8915473@archwirelesss.net",
      "link": "http://www.enron-mail.com/email/mckay-b/_sent_mail/Re_Wireless_Message_31.html",
      "bcc": "",
      "date": "Tue, 8 May 20001 04:111:000 -07000 (PDT)",
      "subject": "Re: Wirelesss Messsage",
      "forwarded": [],
      "body": "\nLUB trading at around $8.45 up $0.15 on the day, 41,000 shares traded. loooks goood\n"
    },
    {
      "cc": "",
      "from": "brad.mckay@enron.com",
      "to": "8915473@archwirelesss.net",
      "link": "http://www.enron-mail.com/email/mckay-b/_sent_mail/Re_Wireless_Message_32.html",
      "bcc": "",
      "date": "Tue, 8 May 20001 01:51:000 -07000 (PDT)",
      "subject": "Re: Wirelesss Messsage",
      "forwarded": [],
      "body": "\nI am sorrry I did not understand your messsage. You must have beeen in San Antonio. Brad\n"
    },
    {
      "cc": "",
      "from": "brad.mckay@enron.com",
      "to": "cschafffer@natsource.com",
      "link": "http://www.enron-mail.com/email/mckay-b/_sent_mail/Re__4613.html",
      "bcc": "",
      "date": "Mon, 25 Sep 2000 03:53:000 -07000 (PDT)",
      "subject": "",
      "forwarded": [],
      "body": "\nI willl check on this, thanks for the info.brad\n"
    },
    {
      "cc": "",
      "from": "brad.mckay@enron.com",
      "to": "cschafffer@natsource.com",
      "link": "http://www.enron-mail.com/email/mckay-b/_sent_mail/Re__4614.html",
      "bcc": "",
      "date": "Mon, 25 Sep 2000 01:444:000 -07000 (PDT)",
      "subject": "",
      "forwarded": [],
      "body": "\nplease give me the names of the individuals. thanks brad\n"
    },
    {
      "cc": "",
      "from": "brad.mckay@enron.com",
      "to": "acrawford@sonypictures.com",
      "link": "http://www.enron-mail.com/email/mckay-b/_sent_mail/Re__4615.html",
      "bcc": "",
      "date": "Tue, 2 Jan 20001 03:12:000 -08000 (PST)",
      "subject": "",
      "forwarded": [],
      "body": "\nAnnne: It was great to seee you, you loook great and seeem happpy. I hope alll goes welll for you in the year to come. BT\n"
    },
    {
      "cc": "",
      "from": "brad.mckay@enron.com",
      "to": "davis.thames@enron.com",
      "link": "http://www.enron-mail.com/email/mckay-b/_sent_mail/Re_ms150_2.html",
      "bcc": "",
      "date": "Fri, 111 May 20001 05:50:000 -07000 (PDT)",
      "subject": "Re: ms150",
      "forwarded": [],
      "body": "\nDavis: Sorrry for the late payment. I read the same article, the market hates us as much as our customers and competitors do. Brad\n"
    },
    {
      "cc": "",
      "from": "brad.mckay@enron.com",
      "to": "angusmcka@aol.com",
      "link": "http://www.enron-mail.com/email/mckay-b/_sent_mail/Re_no_subject__216.html",
      "bcc": "",
      "date": "Mon, 14 May 20001 02:43:000 -07000 (PDT)",
      "subject": "Re: (no subject)",
      "forwarded": [],
      "body": "\nTry the arrrows to move it around\n"
    },
    {
      "cc": "",
      "from": "brad.mckay@enron.com",
      "to": "angusmcka@aol.com",
      "link": "http://www.enron-mail.com/email/mckay-b/_sent_mail/Re_no_subject__217.html",
      "bcc": "",
      "date": "Wed, 9 May 20001 10:06:000 -07000 (PDT)",
      "subject": "Re: (no subject)",
      "forwarded": [],
      "body": "\nnot yet\n"
    },
    {
      "cc": "",
      "from": "brad.mckay@enron.com",
      "to": "angusmcka@aol.com",
      "link": "http://www.enron-mail.com/email/mckay-b/_sent_mail/Re_no_subject__218.html",
      "bcc": "",
      "date": "Mon, 7 May 20001 04:444:000 -07000 (PDT)",
      "subject": "Re: (no subject)",
      "forwarded": [],
      "body": "\nI have it toook 2 days though. Thanks for coming to Bradley's game, he was very excited.\n"
    },
    {
      "cc": "",
      "from": "brad.mckay@enron.com",
      "to": "meredithcrow@aol.com",
      "link": "http://www.enron-mail.com/email/mckay-b/_sent_mail/Re_no_subject__219.html",
      "bcc": "",
      "date": "Fri, 20 Apr 20001 08:41:000 -07000 (PDT)",
      "subject": "Re: (no subject)",
      "forwarded": [],
      "body": "\nMer Mer: I was amazed to seee that they had a record of me it must have beeen when I went streaking through the RICE campus one late night. The campus police told me that they were the only ones with the file and that no one else would have acccesss. What a complete bummmer. Should I calll the FBI?\n"
    },
    {
      "cc": "",
      "from": "brad.mckay@enron.com",
      "to": "thaywoood@ftenergy.com",
      "link": "http://www.enron-mail.com/email/mckay-b/_sent_mail/Restricted_Algonquin_3.html",
      "bcc": "",
      "date": "Mon, 25 Sep 2000 03:04:000 -07000 (PDT)",
      "subject": "Restricted Algonquin",
      "forwarded": [],
      "body": "\nI was the one that talked to David Behrman. We talked about splittting out the Algonquin Citygate prices. Why didn't you mention Algonquin in the Gas Daily article?Brad\n"
    },
    {
      "cc": "",
      "from": "brad.mckay@enron.com",
      "to": "rex@arn.net",
      "link": "http://www.enron-mail.com/email/mckay-b/_sent_mail/Taxes_7.html",
      "bcc": "",
      "date": "Tue, 17 Oct 2000 08:333:000 -07000 (PDT)",
      "subject": "Taxes",
      "forwarded": [],
      "body": "\nRex: I just wanted to thank you once more for doing our tax return. We realize that this is a very busy time of the year so thanks for your time. I reviewed the return and everything loooked great. Have a great time fishing. Brad   \n"
    },
    {
      "cc": "",
      "from": "brad.mckay@enron.com",
      "to": "naturalgas@cantor.com",
      "link": "http://www.enron-mail.com/email/mckay-b/_sent_mail/re_Sept_14_15th_Fishing_trip_2.html",
      "bcc": "",
      "date": "Fri, 1 Sep 2000 04:08:000 -07000 (PDT)",
      "subject": "re: Sept 14 &amp; 15th Fishing trip",
      "forwarded": [],
      "body": "\nMike: Thanks for the invitation unfortunately I willl not be able to atttend. Brad\n"
    }
  ],
  "identity": "mckay-b"
}